"","GAME_PLAYED","WIN_RATE","ON_FIRE","ELIS","OBJ_KILLS","OBJ_TIME","DAMAGE","DEATH","SOLO_KILLS","FINAL_BLOWS","BLOCKED","CHARGE","ULT","FIRE","ED","VOTING_CARDS","MEDALS","GOLD","SILVER","BRONZE","PLAYER_ID","WIN","LOSS"
"1",6,0.5,"7.7%","16.33 ","5.83 ","01:39 ","9,881 ","10.00 ","0.00 ","46% ","15,130 ","2.00 ","4.83 ","7.00 ",1.63,"0.17 ",2.5,"0.33 ","1.00 ","1.33 ","Arty-1346",3,3
"2",1,1,"9.7%","48.00 ","20.00 ","03:59 ","30,743 ","21.00 ","1.00 ","50% ","53,074 ","6.00 ","10.00 ","16.00 ",2.29,"1.00 ",6,"1.00 ","3.00 ","3.00 ","Arty-1346",1,0
"3",4,0.25,"12.7%","20.00 ","5.25 ","01:39 ","9,672 ","8.50 ","0.00 ","43% ","17,676 ","2.75 ","4.00 ","8.00 ",2.35,"0.00 ",2,"0.25 ","0.50 ","1.00 ","Arty-1346",1,3
"4",3,0.6667,"6.3%","18.33 ","8.00 ","01:16 ","10,031 ","6.67 ","0.00 ","38% ","10,663 ","1.67 ","1.33 ","6.00 ",2.75,"0.00 ",2.67,"1.00 ","0.67 ","1.00 ","Arty-1346",2,1
"5",15,0.5333,"6.0%","21.93 ","8.80 ","02:20 ","12,190 ","8.93 ","0.40 ","47% ","17,895 ","2.93 ","3.93 ","7.13 ",2.46,"0.53 ",3,"1.00 ","0.87 ","1.13 ","Arty-1346",8,7
"6",2,1,"1.3%","24.50 ","11.00 ","02:13 ","13,080 ","9.00 ","0.50 ","43% ","12,870 ","4.50 ","3.50 ","8.50 ",2.72,"0.00 ",2.5,"0.50 ","1.00 ","1.00 ","Arty-1346",2,0
"7",2,1,"14.8%","27.50 ","10.50 ","02:59 ","17,255 ","10.00 ","1.00 ","38% ","20,636 ","2.50 ","5.50 ","11.50 ",2.75,"0.00 ",2.5,"1.00 ","1.00 ","0.50 ","Mehtis-21293",2,0
"8",1,1,"3.6%","24.00 ","15.00 ","04:59 ","23,018 ","14.00 ","0.00 ","17% ","38,683 ","1.00 ","6.00 ","8.00 ",1.71,"2.00 ",3,"3.00 ","0.00 ","0.00 ","Mehtis-21293",1,0
"9",4,0.5,"5.2%","13.50 ","4.00 ","01:07 ","11,278 ","6.50 ","0.25 ","52% ","15,088 ","1.75 ","2.75 ","6.25 ",2.08,"0.25 ",2.5,"0.75 ","1.25 ","0.50 ","Mehtis-21293",2,2
"10",4,0.5,"7.5%","18.75 ","9.25 ","03:17 ","13,814 ","12.75 ","0.25 ","29% ","25,461 ","1.50 ","4.50 ","9.25 ",1.47,"0.75 ",2.75,"1.25 ","0.25 ","1.25 ","Mehtis-21293",2,2
"11",4,0.25,"11.6%","23.50 ","11.50 ","02:39 ","15,640 ","14.00 ","0.25 ","38% ","28,849 ","2.75 ","3.50 ","9.50 ",1.68,"0.50 ",3.5,"1.00 ","1.00 ","1.50 ","Mehtis-21293",1,3
"12",8,0.5,"19.0%","16.38 ","7.12 ","02:01 ","11,670 ","8.00 ","0.25 ","47% ","15,087 ","1.12 ","3.12 ","6.50 ",2.05,"0.50 ",2.5,"1.00 ","0.88 ","0.75 ","Mehtis-21293",4,4
"13",5,0.8,"10.2%","21.00 ","11.00 ","01:40 ","13,094 ","8.00 ","0.20 ","46% ","22,967 ","1.40 ","3.00 ","9.60 ",2.62,"0.40 ",3.2,"0.80 ","1.20 ","1.00 ","Mehtis-21293",4,1
"14",3,0.6667,"13.7%","27.33 ","12.00 ","02:53 ","20,105 ","13.33 ","0.67 ","44% ","27,636 ","5.33 ","7.67 ","10.33 ",2.05,"0.67 ",2.67,"1.00 ","0.33 ","1.00 ","Gefest-2545",2,1
"15",19,0.5882,"8.6%","18.11 ","6.37 ","01:32 ","11,500 ","9.21 ","0.26 ","45% ","15,664 ","3.26 ","3.79 ","6.79 ",1.97,"0.26 ",2.42,"0.89 ","0.63 ","0.95 ","Gefest-2545",11,8
"16",6,0.3333,"11.8%","22.33 ","9.33 ","02:00 ","17,554 ","12.67 ","0.67 ","50% ","21,863 ","4.50 ","6.00 ","8.33 ",1.76,"0.17 ",2.17,"0.67 ","0.50 ","1.00 ","Gefest-2545",2,4
"17",10,0.2,"9.0%","19.40 ","6.00 ","01:11 ","13,048 ","9.80 ","0.90 ","47% ","17,352 ","4.20 ","3.70 ","6.40 ",1.98,"0.30 ",3,"1.00 ","0.90 ","1.20 ","Gefest-2545",2,8
"18",13,0.5385,"10.9%","23.15 ","8.54 ","01:55 ","13,933 ","10.15 ","0.62 ","41% ","20,130 ","4.46 ","4.15 ","9.31 ",2.28,"0.69 ",2.77,"0.69 ","0.92 ","1.08 ","Gefest-2545",7,6
"19",2,1,"0.0%","22.50 ","8.50 ","02:25 ","12,924 ","15.00 ","0.00 ","49% ","28,306 ","5.50 ","4.00 ","4.00 ",1.5,"0.50 ",2,"0.00 ","0.00 ","2.00 ","Gefest-2545",2,0
"20",3,0,"17.3%","36.00 ","11.67 ","02:47 ","19,197 ","9.67 ","0.33 ","38% ","24,543 ","3.33 ","6.67 ","12.67 ",3.72,"0.00 ",4,"2.33 ","1.33 ","0.67 ","BenBest-2898",0,3
"21",4,0.75,"19.1%","22.00 ","8.50 ","02:05 ","13,155 ","6.50 ","0.25 ","43% ","22,310 ","2.50 ","6.00 ","8.25 ",3.38,"0.75 ",3.25,"1.50 ","1.00 ","0.75 ","BenBest-2898",3,1
"22",3,0.6667,"23.1%","33.00 ","13.00 ","02:35 ","19,511 ","10.33 ","1.67 ","43% ","21,030 ","2.00 ","4.67 ","14.00 ",3.19,"0.67 ",2.67,"1.00 ","0.67 ","0.67 ","BenBest-2898",2,1
"23",4,0.75,"8.3%","24.25 ","11.25 ","03:05 ","14,930 ","10.50 ","0.75 ","53% ","18,030 ","2.75 ","5.00 ","11.50 ",2.31,"0.25 ",2.5,"0.50 ","0.75 ","1.25 ","BenBest-2898",3,1
"24",3,0.6667,"9.1%","19.67 ","4.33 ","01:09 ","11,019 ","5.33 ","0.33 ","42% ","13,965 ","1.67 ","5.00 ","7.67 ",3.69,"0.33 ",2,"0.67 ","0.33 ","1.33 ","BenBest-2898",2,1
"25",1,0,"9.2%","20.00 ","7.00 ","03:42 ","21,469 ","13.00 ","0.00 ","65% ","30,296 ","2.00 ","3.00 ","12.00 ",1.54,"1.00 ",4,"2.00 ","1.00 ","1.00 ","BenBest-2898",0,1
"26",1,0,"7.5%","44.00 ","22.00 ","03:45 ","30,109 ","22.00 ","0.00 ","30% ","37,958 ","5.00 ","11.00 ","19.00 ",2,"1.00 ",5,"3.00 ","1.00 ","1.00 ","KEV-22131",0,1
"27",3,0.3333,"10.0%","20.67 ","9.67 ","03:28 ","15,792 ","8.67 ","0.00 ","47% ","20,650 ","2.00 ","3.33 ","9.00 ",2.38,"0.67 ",3,"1.00 ","0.67 ","1.33 ","KEV-22131",1,2
"28",4,1,"28.1%","33.25 ","13.50 ","02:25 ","16,341 ","7.25 ","0.25 ","40% ","20,024 ","2.50 ","5.50 ","12.75 ",4.59,"0.25 ",4,"2.00 ","1.00 ","1.00 ","KEV-22131",4,0
"29",1,0,"3.6%","11.00 ","7.00 ","00:57 ","7,702 ","7.00 ","1.00 ","45% ","12,802 ","1.00 ","2.00 ","6.00 ",1.57,"1.00 ",3,"1.00 ","1.00 ","1.00 ","KEV-22131",0,1
"30",3,0.6667,"16.1%","27.67 ","8.00 ","01:52 ","14,443 ","9.00 ","0.33 ","49% ","18,737 ","2.00 ","8.33 ","12.67 ",3.07,"0.67 ",3.67,"1.33 ","1.33 ","1.00 ","KEV-22131",2,1
"31",3,0.3333,"8.0%","19.33 ","9.67 ","02:05 ","12,319 ","10.00 ","0.33 ","47% ","18,854 ","2.00 ","5.33 ","6.67 ",1.93,"0.00 ",2.67,"0.67 ","0.67 ","1.00 ","KEV-22131",1,2
"32",2,0,"13.8%","15.00 ","6.50 ","01:00 ","5,291 ","3.00 ","0.50 ","50% ","11,420 ","2.50 ","3.50 ","5.00 ",5,"0.50 ",2,"1.50 ","0.50 ","0.50 ","IamCow-11766",0,2
"33",3,0.6667,"7.1%","27.67 ","8.33 ","02:56 ","17,069 ","8.33 ","0.00 ","33% ","25,186 ","2.67 ","6.67 ","12.00 ",3.32,"0.33 ",3.33,"1.00 ","0.00 ","2.33 ","IamCow-11766",2,1
"34",1,0,"0.1%","10.00 ","7.00 ","01:16 ","12,675 ","20.00 ","0.00 ","30% ","20,916 ","3.00 ","0.00 ","3.00 ",0.5,"0.00 ",5,"0.00 ","2.00 ","3.00 ","IamCow-11766",0,1
"35",16,0.4286,"12.4%","20.56 ","10.50 ","02:38 ","13,419 ","8.19 ","0.38 ","42% ","22,144 ","2.69 ","4.19 ","7.69 ",2.51,"0.56 ",2.88,"1.19 ","0.81 ","0.88 ","IamCow-11766",7,9
"36",18,0.4444,"9.3%","19.56 ","9.17 ","02:38 ","13,425 ","8.56 ","0.33 ","43% ","21,316 ","2.89 ","3.89 ","7.56 ",2.29,"0.44 ",3.06,"1.22 ","1.17 ","0.67 ","IamCow-11766",8,10
"37",1,1,"4.6%","32.00 ","14.00 ","04:21 ","18,076 ","12.00 ","1.00 ","34% ","28,467 ","4.00 ","8.00 ","13.00 ",2.67,"0.00 ",3,"2.00 ","0.00 ","0.00 ","ThelordGreg-2167",1,0
"38",1,1,"5.8%","21.00 ","13.00 ","02:24 ","8,749 ","4.00 ","0.00 ","33% ","9,379 ","2.00 ","3.00 ","3.00 ",5.25,"0.00 ",1,"1.00 ","0.00 ","0.00 ","ThelordGreg-2167",1,0
"39",4,0.25,"10.7%","22.50 ","12.25 ","03:46 ","16,128 ","12.25 ","0.25 ","36% ","24,223 ","3.50 ","5.00 ","6.75 ",1.84,"0.50 ",2.75,"1.25 ","0.75 ","1.00 ","ThelordGreg-2167",1,3
"40",2,0.5,"21.6%","25.50 ","10.50 ","03:32 ","14,624 ","8.00 ","0.00 ","43% ","16,826 ","3.50 ","2.00 ","3.00 ",3.19,"0.00 ",2,"0.50 ","1.00 ","0.50 ","ThelordGreg-2167",1,1
"41",1,1,"1.5%","28.00 ","8.00 ","02:38 ","20,841 ","9.00 ","0.00 ","54% ","30,941 ","5.00 ","4.00 ","11.00 ",3.11,"0.00 ",4,"0.00 ","2.00 ","3.00 ","ThelordGreg-2167",1,0
"42",4,1,"7.5%","17.50 ","8.00 ","01:16 ","8,714 ","5.75 ","0.00 ","40% ","14,428 ","2.00 ","2.75 ","5.25 ",3.04,"0.25 ",2,"0.50 ","1.00 ","0.25 ","ThelordGreg-2167",4,0
"43",1,0,"1.2%","23.00 ","14.00 ","02:33 ","13,355 ","12.00 ","0.00 ","52% ","21,596 ","1.00 ","5.00 ","6.00 ",1.92,"1.00 ",3,"0.00 ","0.00 ","3.00 ","ThelordGreg-2167",0,1
"44",1,0,"0.0%","10.00 ","1.00 ","03:10 ","14,757 ","19.00 ","0.00 ","20% ","30,442 ","2.00 ","0.00 ","3.00 ",0.53,"0.00 ",3,"1.00 ","2.00 ","0.00 ","ThelordGreg-2167",0,1
"45",5,0.8,"2.7%","20.40 ","10.00 ","03:37 ","12,929 ","10.40 ","0.80 ","41% ","24,917 ","2.20 ","2.60 ","7.40 ",1.96,"0.40 ",2.2,"1.00 ","1.00 ","0.20 ","alex1xw7waa-1951",4,1
"46",2,0,"6.8%","17.50 ","6.00 ","02:14 ","14,001 ","12.00 ","0.00 ","66% ","22,454 ","3.00 ","1.50 ","8.50 ",1.46,"0.00 ",3,"1.50 ","1.00 ","0.50 ","alex1xw7waa-1951",0,2
"47",2,1,"7.6%","29.00 ","16.50 ","04:53 ","20,752 ","15.00 ","1.50 ","43% ","26,152 ","4.00 ","7.50 ","12.00 ",1.93,"0.00 ",3.5,"0.50 ","1.00 ","2.00 ","alex1xw7waa-1951",2,0
"48",3,0.3333,"6.8%","24.33 ","7.67 ","02:32 ","14,814 ","10.33 ","0.00 ","42% ","27,420 ","4.33 ","3.00 ","9.00 ",2.35,"0.33 ",2.67,"1.00 ","0.67 ","1.33 ","alex1xw7waa-1951",1,2
"49",4,0.25,"11.7%","19.25 ","8.50 ","02:43 ","15,126 ","8.75 ","0.00 ","38% ","18,912 ","2.25 ","4.75 ","9.00 ",2.2,"0.50 ",3,"1.50 ","0.75 ","0.50 ","alex1xw7waa-1951",1,3
"50",2,0.5,"15.1%","22.00 ","8.00 ","01:09 ","11,270 ","7.50 ","0.50 ","36% ","13,690 ","1.50 ","6.50 ","7.00 ",2.93,"0.50 ",2,"1.00 ","0.50 ","0.50 ","alex1xw7waa-1951",1,1
"51",6,0.5,"7.0%","20.17 ","8.17 ","02:10 ","12,620 ","10.67 ","0.33 ","33% ","17,235 ","1.17 ","5.17 ","8.83 ",1.89,"0.33 ",2.5,"1.33 ","0.17 ","1.00 ","alex1xw7waa-1951",3,3
"52",4,0.75,"12.3%","13.50 ","6.75 ","01:25 ","10,454 ","6.50 ","0.00 ","41% ","18,741 ","2.50 ","4.00 ","5.00 ",2.08,"0.75 ",3.25,"1.00 ","1.50 ","0.75 ","theplug-11319",3,1
"53",1,1,"0.5%","24.00 ","8.00 ","05:06 ","18,931 ","25.00 ","0.00 ","38% ","37,566 ","4.00 ","6.00 ","9.00 ",0.96,"1.00 ",5,"2.00 ","1.00 ","2.00 ","theplug-11319",1,0
"54",3,1,"17.6%","26.33 ","11.67 ","02:24 ","15,154 ","8.67 ","0.00 ","48% ","20,932 ","3.67 ","5.33 ","14.00 ",3.04,"0.67 ",3.33,"1.67 ","1.33 ","0.33 ","theplug-11319",3,0
"55",1,0,"42.0%","13.00 ","3.00 ","01:00 ","7,169 ","9.00 ","0.00 ","38% ","20,939 ","2.00 ","3.00 ","5.00 ",1.44,"0.00 ",4,"3.00 ","1.00 ","0.00 ","theplug-11319",0,1
"56",1,0,"7.7%","12.00 ","2.00 ","00:53 ","9,023 ","10.00 ","0.00 ","33% ","14,152 ","0.00 ","2.00 ","5.00 ",1.2,"1.00 ",2,"0.00 ","0.00 ","1.00 ","theplug-11319",0,1
"57",5,0.8,"28.0%","23.00 ","7.80 ","02:18 ","12,342 ","6.20 ","0.20 ","36% ","14,429 ","2.80 ","2.60 ","10.60 ",3.71,"0.40 ",3,"1.00 ","1.20 ","1.00 ","theplug-11319",4,1
"58",7,0.5714,"10.7%","17.29 ","7.43 ","01:33 ","11,788 ","7.57 ","0.00 ","40% ","17,450 ","2.71 ","3.14 ","5.57 ",2.28,"0.29 ",3.14,"0.86 ","0.86 ","1.43 ","noseknowz-1424",4,3
"59",2,0.5,"12.0%","18.50 ","9.00 ","02:30 ","12,091 ","10.50 ","1.00 ","46% ","17,480 ","2.00 ","3.50 ","9.00 ",1.76,"0.00 ",1.5,"0.50 ","0.00 ","0.50 ","noseknowz-1424",1,1
"60",7,0.3333,"9.9%","23.43 ","9.71 ","02:17 ","14,139 ","12.00 ","0.29 ","35% ","20,351 ","3.14 ","4.29 ","9.71 ",1.95,"0.29 ",2.86,"0.71 ","1.00 ","1.14 ","noseknowz-1424",2,5
"61",5,0.8,"2.4%","23.60 ","9.60 ","03:25 ","15,207 ","12.60 ","0.80 ","42% ","22,231 ","2.20 ","6.40 ","9.40 ",1.87,"0.60 ",2.8,"0.80 ","0.60 ","1.80 ","noseknowz-1424",4,1
"62",12,0.5833,"8.9%","19.42 ","7.92 ","02:02 ","11,126 ","8.33 ","0.67 ","38% ","17,638 ","2.00 ","3.83 ","7.42 ",2.33,"0.42 ",2.92,"1.25 ","0.75 ","0.83 ","noseknowz-1424",7,5
"63",7,0.6667,"8.6%","28.86 ","12.14 ","02:19 ","15,145 ","12.14 ","0.86 ","48% ","19,141 ","4.57 ","6.71 ","11.71 ",2.38,"0.00 ",3.57,"0.71 ","1.00 ","1.86 ","noseknowz-1424",5,2
"64",9,0.5556,"4.7%","20.89 ","7.89 ","01:55 ","10,877 ","8.56 ","0.11 ","39% ","19,310 ","2.44 ","2.78 ","8.00 ",2.44,"0.22 ",2.11,"0.44 ","1.00 ","0.78 ","noseknowz-1424",5,4
"65",4,1,"9.3%","14.25 ","6.50 ","01:51 ","12,046 ","6.75 ","0.00 ","39% ","16,638 ","1.25 ","4.25 ","4.75 ",2.11,"0.25 ",2.75,"1.25 ","0.75 ","0.50 ","Matman909-1921",4,0
"66",6,0.5,"6.5%","26.50 ","12.50 ","02:28 ","13,408 ","8.50 ","0.00 ","38% ","22,338 ","2.50 ","4.50 ","9.17 ",3.12,"0.17 ",2.5,"0.83 ","0.67 ","1.00 ","Matman909-1921",3,3
"67",8,0.625,"10.3%","20.00 ","6.50 ","02:00 ","10,778 ","9.00 ","0.12 ","52% ","17,475 ","2.25 ","3.75 ","7.62 ",2.22,"0.00 ",2.38,"0.75 ","0.62 ","1.00 ","Matman909-1921",5,3
"68",8,0.75,"23.6%","26.88 ","9.50 ","02:25 ","15,956 ","8.25 ","0.38 ","46% ","20,606 ","2.88 ","6.00 ","9.88 ",3.26,"0.62 ",3.75,"1.62 ","1.00 ","1.12 ","Matman909-1921",6,2
"69",30,0.4667,"13.2%","21.43 ","9.90 ","02:56 ","13,131 ","8.87 ","0.40 ","43% ","20,186 ","2.57 ","4.60 ","8.07 ",2.42,"0.30 ",3.03,"1.33 ","1.00 ","0.70 ","Matman909-1921",14,16
"70",7,0.4286,"7.5%","18.14 ","8.29 ","01:53 ","11,388 ","9.14 ","0.14 ","44% ","17,564 ","2.14 ","3.71 ","5.86 ",1.98,"0.43 ",3.14,"1.43 ","0.71 ","1.00 ","Matman909-1921",3,4
"71",3,0.6667,"15.0%","21.67 ","4.33 ","01:23 ","13,625 ","8.67 ","0.00 ","40% ","19,759 ","3.33 ","6.33 ","7.00 ",2.5,"0.67 ",3.33,"1.67 ","1.67 ","0.67 ","Helv-21725",2,1
"72",1,1,"26.7%","30.00 ","11.00 ","01:14 ","12,117 ","4.00 ","1.00 ","67% ","20,329 ","6.00 ","8.00 ","12.00 ",7.5,"1.00 ",4,"1.00 ","2.00 ","0.00 ","Helv-21725",1,0
"73",24,0.5,"14.7%","23.08 ","7.50 ","02:06 ","14,587 ","10.67 ","0.54 ","45% ","18,426 ","3.46 ","4.25 ","9.33 ",2.16,"0.21 ",2.38,"0.92 ","0.92 ","0.54 ","Helv-21725",12,12
"74",1,1,"17.9%","42.00 ","12.00 ","01:43 ","19,094 ","12.00 ","1.00 ","48% ","18,531 ","7.00 ","8.00 ","19.00 ",3.5,"0.00 ",4,"2.00 ","1.00 ","1.00 ","Helv-21725",1,0
"75",32,0.5312,"9.9%","25.06 ","8.41 ","01:55 ","14,115 ","9.09 ","0.41 ","44% ","15,946 ","3.09 ","5.28 ","10.25 ",2.76,"0.34 ",2.75,"1.06 ","0.94 ","0.75 ","Helv-21725",17,15
"76",2,0.5,"14.9%","28.00 ","12.50 ","01:06 ","15,610 ","7.50 ","1.50 ","41% ","19,495 ","5.00 ","6.00 ","11.50 ",3.73,"0.50 ",2.5,"1.00 ","0.50 ","1.00 ","GLmood1-2807",1,1
"77",1,0,"3.6%","15.00 ","7.00 ","01:02 ","12,675 ","11.00 ","0.00 ","60% ","21,917 ","2.00 ","6.00 ","5.00 ",1.36,"2.00 ",4,"2.00 ","2.00 ","1.00 ","GLmood1-2807",0,1
"78",5,0.6,"7.6%","21.60 ","11.00 ","03:00 ","12,733 ","9.20 ","0.40 ","42% ","18,368 ","2.00 ","3.60 ","9.80 ",2.35,"0.20 ",2.8,"0.80 ","0.40 ","1.20 ","GLmood1-2807",3,2
"79",4,0.5,"21.4%","21.00 ","7.50 ","02:02 ","13,699 ","7.75 ","0.25 ","35% ","15,418 ","1.50 ","6.00 ","9.25 ",2.71,"0.25 ",2.25,"0.75 ","1.00 ","0.50 ","GLmood1-2807",2,2
"80",4,0.5,"6.7%","17.00 ","7.25 ","01:27 ","13,080 ","9.25 ","0.25 ","46% ","20,854 ","2.75 ","2.75 ","4.75 ",1.84,"0.25 ",1.25,"0.50 ","0.50 ","0.25 ","GLmood1-2807",2,2
"81",7,0.1429,"5.4%","18.29 ","7.86 ","02:22 ","11,433 ","10.43 ","0.57 ","48% ","17,697 ","2.86 ","4.00 ","7.29 ",1.75,"0.43 ",2.43,"1.14 ","0.57 ","0.86 ","GLmood1-2807",1,6
"82",6,0.8333,"8.1%","27.17 ","9.00 ","02:26 ","13,599 ","7.50 ","0.33 ","45% ","16,368 ","4.00 ","5.17 ","10.83 ",3.62,"0.00 ",3.17,"0.33 ","1.33 ","1.50 ","Spot-11846",5,1
"83",7,0.4286,"4.9%","18.43 ","8.43 ","01:56 ","12,289 ","7.71 ","0.14 ","47% ","16,460 ","3.29 ","4.43 ","8.57 ",2.39,"0.14 ",2.29,"0.57 ","1.29 ","0.29 ","Spot-11846",3,4
"84",2,0.5,"6.6%","24.50 ","10.50 ","01:47 ","16,688 ","10.50 ","0.50 ","51% ","18,890 ","4.00 ","3.50 ","11.00 ",2.33,"0.50 ",3,"1.00 ","0.50 ","2.00 ","Spot-11846",1,1
"85",9,0.5556,"3.6%","22.00 ","11.56 ","02:43 ","15,058 ","11.78 ","0.44 ","49% ","17,055 ","3.33 ","3.78 ","8.11 ",1.87,"0.11 ",2.33,"0.78 ","0.89 ","0.67 ","Spot-11846",5,4
"86",10,0.7,"3.9%","18.60 ","8.00 ","01:15 ","10,749 ","7.30 ","0.30 ","44% ","13,154 ","3.30 ","4.40 ","6.40 ",2.55,"0.20 ",2.3,"0.70 ","0.80 ","0.80 ","Spot-11846",7,3
"87",4,0.75,"12.0%","27.25 ","10.00 ","02:19 ","14,167 ","8.25 ","0.25 ","44% ","15,269 ","3.75 ","5.50 ","10.25 ",3.3,"0.25 ",3.5,"0.75 ","1.25 ","1.50 ","Spot-11846",3,1
"88",6,0.8333,"13.7%","30.00 ","13.17 ","02:18 ","16,056 ","8.33 ","0.83 ","47% ","19,766 ","3.33 ","8.17 ","11.50 ",3.6,"0.33 ",2.83,"1.00 ","1.17 ","0.67 ","greybattle-2949",5,1
"89",9,0.5556,"9.0%","21.44 ","8.44 ","02:10 ","13,679 ","9.22 ","0.22 ","47% ","19,380 ","3.11 ","4.89 ","8.44 ",2.33,"0.33 ",2.89,"1.33 ","0.89 ","0.67 ","greybattle-2949",5,4
"90",13,0.3846,"9.2%","19.92 ","7.23 ","01:34 ","13,706 ","9.46 ","0.46 ","50% ","16,264 ","2.92 ","3.85 ","7.85 ",2.11,"0.15 ",2.85,"1.00 ","0.85 ","1.00 ","greybattle-2949",5,8
"91",4,0.75,"8.3%","27.00 ","10.00 ","01:56 ","15,564 ","11.00 ","0.25 ","38% ","25,750 ","2.00 ","6.25 ","13.25 ",2.45,"1.00 ",3.5,"0.50 ","1.25 ","1.50 ","greybattle-2949",3,1
"92",7,0.5714,"10.9%","21.14 ","8.86 ","02:33 ","14,007 ","10.14 ","0.71 ","45% ","18,752 ","2.00 ","4.71 ","10.14 ",2.08,"0.14 ",2.57,"0.71 ","0.86 ","1.00 ","greybattle-2949",4,3
"93",11,0.5455,"7.0%","19.55 ","7.73 ","02:03 ","12,390 ","9.64 ","0.55 ","46% ","19,940 ","1.45 ","4.09 ","7.09 ",2.03,"0.55 ",2.55,"0.55 ","1.00 ","1.09 ","greybattle-2949",6,5
"94",13,0.5833,"6.4%","21.92 ","8.38 ","02:44 ","14,063 ","11.46 ","0.38 ","50% ","21,666 ","3.46 ","4.31 ","9.62 ",1.91,"0.62 ",2.77,"0.69 ","1.00 ","1.08 ","greybattle-2949",8,5
"95",12,0.75,"9.6%","25.92 ","8.42 ","02:23 ","14,731 ","9.75 ","0.75 ","46% ","18,591 ","3.92 ","4.67 ","8.00 ",2.66,"0.42 ",2.83,"1.00 ","1.17 ","0.67 ","greybattle-2949",9,3
"96",6,0.6667,"18.3%","20.83 ","7.83 ","01:11 ","11,264 ","6.67 ","0.33 ","45% ","10,342 ","2.50 ","3.67 ","6.50 ",3.12,"0.17 ",3,"1.00 ","1.50 ","0.50 ","greybattle-2949",4,2
"97",1,0,"3.7%","29.00 ","11.00 ","00:58 ","16,398 ","11.00 ","0.00 ","41% ","24,069 ","2.00 ","4.00 ","13.00 ",2.64,"0.00 ",4,"1.00 ","2.00 ","2.00 ","Jklol21-2317",0,1
"98",1,0,"5.9%","34.00 ","13.00 ","02:36 ","21,992 ","12.00 ","0.00 ","47% ","29,721 ","4.00 ","4.00 ","15.00 ",2.83,"0.00 ",4,"2.00 ","2.00 ","0.00 ","Jklol21-2317",0,1
"99",2,0,"3.9%","14.00 ","4.50 ","00:32 ","10,032 ","8.50 ","0.00 ","25% ","11,322 ","1.50 ","3.00 ","4.00 ",1.65,"0.00 ",2,"1.00 ","0.00 ","1.00 ","Jklol21-2317",0,2
"100",1,0,"0.0%","11.00 ","3.00 ","00:36 ","7,572 ","6.00 ","0.00 ","55% ","10,877 ","2.00 ","1.00 ","7.00 ",1.83,"0.00 ",2,"0.00 ","2.00 ","0.00 ","Jklol21-2317",0,1
"101",3,0.6667,"34.8%","35.67 ","10.67 ","02:02 ","20,266 ","8.00 ","0.00 ","49% ","21,953 ","4.00 ","7.67 ","12.67 ",4.46,"0.33 ",3.33,"1.33 ","1.00 ","1.00 ","Jklol21-2317",2,1
"102",2,0.5,"38.3%","47.50 ","18.00 ","01:57 ","20,601 ","5.00 ","0.00 ","44% ","22,484 ","4.50 ","11.00 ","17.50 ",9.5,"1.00 ",4,"1.50 ","0.50 ","2.00 ","ChroNoDotA-11690",1,1
"103",3,0.6667,"6.0%","20.67 ","5.33 ","01:38 ","13,219 ","11.67 ","0.00 ","44% ","23,508 ","2.00 ","4.00 ","8.00 ",1.77,"1.00 ",3.67,"0.67 ","1.67 ","1.33 ","ChroNoDotA-11690",2,1
"104",2,0,"1.8%","6.50 ","2.00 ","01:45 ","6,974 ","7.50 ","0.00 ","62% ","13,250 ","1.00 ","1.50 ","2.00 ",0.87,"0.00 ",1,"0.00 ","1.00 ","0.50 ","ChroNoDotA-11690",0,2
"105",4,0.75,"20.3%","26.00 ","5.25 ","01:20 ","13,939 ","9.25 ","0.50 ","33% ","24,019 ","2.75 ","6.75 ","7.50 ",2.81,"0.75 ",2.75,"1.00 ","0.50 ","1.00 ","ChroNoDotA-11690",3,1
"106",5,0.8,"14.5%","26.40 ","11.00 ","01:52 ","13,215 ","9.60 ","0.40 ","36% ","22,017 ","2.40 ","5.80 ","11.60 ",2.75,"0.20 ",3.4,"0.80 ","1.80 ","0.80 ","ChroNoDotA-11690",4,1
"107",7,0.4286,"17.7%","19.43 ","7.29 ","01:46 ","10,558 ","6.57 ","0.00 ","43% ","15,540 ","2.86 ","3.86 ","7.00 ",2.96,"0.43 ",2.43,"1.29 ","0.57 ","0.43 ","ChroNoDotA-11690",3,4
"108",2,0.5,"6.9%","19.50 ","8.50 ","02:05 ","8,602 ","4.50 ","0.00 ","51% ","14,706 ","3.50 ","3.50 ","5.50 ",4.33,"1.00 ",3.5,"1.00 ","0.50 ","2.00 ","Hoorah97-1868",1,1
"109",2,1,"11.6%","15.00 ","8.50 ","02:07 ","9,410 ","4.00 ","0.00 ","63% ","9,773 ","3.00 ","2.00 ","5.00 ",3.75,"0.50 ",3,"1.00 ","1.50 ","0.00 ","Hoorah97-1868",2,0
"110",2,0.5,"20.3%","34.50 ","15.50 ","03:30 ","20,768 ","10.50 ","0.50 ","43% ","23,879 ","4.00 ","6.50 ","11.00 ",3.29,"0.00 ",3,"1.00 ","2.00 ","0.50 ","Hoorah97-1868",1,1
"111",8,0.5,"15.0%","27.62 ","12.62 ","03:25 ","16,633 ","12.62 ","1.50 ","48% ","22,747 ","3.38 ","5.00 ","9.12 ",2.19,"0.62 ",3.38,"1.12 ","1.38 ","0.88 ","Hoorah97-1868",4,4
"112",1,1,"8.2%","17.00 ","7.00 ","02:17 ","9,922 ","6.00 ","0.00 ","53% ","27,736 ","3.00 ","5.00 ","4.00 ",2.83,"1.00 ",2,"1.00 ","0.00 ","1.00 ","Hoorah97-1868",1,0
"113",1,1,"7.0%","39.00 ","16.00 ","03:20 ","19,982 ","19.00 ","0.00 ","36% ","45,692 ","3.00 ","9.00 ","14.00 ",2.05,"1.00 ",6,"1.00 ","3.00 ","3.00 ","Hoorah97-1868",1,0
"114",17,0.5625,"5.5%","19.71 ","7.94 ","02:26 ","12,201 ","8.35 ","0.41 ","40% ","23,152 ","3.53 ","3.47 ","7.00 ",2.36,"0.65 ",2.65,"1.12 ","0.71 ","0.94 ","Theone616-1486",10,7
"115",1,0,"9.1%","8.00 ","2.00 ","00:23 ","8,687 ","11.00 ","1.00 ","88% ","14,989 ","3.00 ","3.00 ","3.00 ",0.73,"1.00 ",4,"1.00 ","0.00 ","2.00 ","Theone616-1486",0,1
"116",2,0,"0.0%","25.00 ","11.00 ","03:28 ","15,754 ","12.00 ","0.50 ","36% ","29,746 ","1.50 ","6.50 ","11.00 ",2.08,"0.50 ",2.5,"1.00 ","0.50 ","1.50 ","Theone616-1486",0,2
"117",8,0.5,"18.1%","24.38 ","10.00 ","02:25 ","13,843 ","9.38 ","0.38 ","48% ","19,231 ","3.38 ","5.88 ","9.25 ",2.6,"0.50 ",2.75,"0.88 ","0.62 ","1.12 ","Theone616-1486",4,4
"118",38,0.5263,"9.3%","23.18 ","10.13 ","02:35 ","13,838 ","10.05 ","0.47 ","45% ","21,901 ","3.18 ","5.37 ","9.11 ",2.31,"0.47 ",2.95,"1.05 ","0.92 ","0.97 ","Theone616-1486",20,18
"119",3,1,"5.8%","25.67 ","7.33 ","02:09 ","14,999 ","9.67 ","0.00 ","38% ","22,447 ","1.67 ","6.00 ","9.00 ",2.66,"0.33 ",3,"0.67 ","1.67 ","1.00 ","Computer-32674",3,0
"120",3,0.6667,"8.6%","23.67 ","10.67 ","03:25 ","15,835 ","11.00 ","0.67 ","39% ","29,211 ","1.33 ","3.33 ","10.00 ",2.15,"1.00 ",3,"0.33 ","1.67 ","0.67 ","Computer-32674",2,1
"121",1,0,"12.5%","19.00 ","5.00 ","00:34 ","12,012 ","6.00 ","0.00 ","53% ","17,017 ","4.00 ","6.00 ","8.00 ",3.17,"0.00 ",1,"1.00 ","1.00 ","1.00 ","Relaxx-21129",0,1
"122",10,0.8,"17.6%","24.20 ","10.40 ","02:26 ","14,748 ","7.30 ","0.00 ","43% ","22,173 ","2.50 ","4.20 ","10.50 ",3.32,"0.60 ",3.3,"1.40 ","1.00 ","0.80 ","Relaxx-21129",8,2
"123",2,0.5,"8.8%","24.50 ","7.00 ","02:14 ","16,258 ","10.00 ","0.50 ","39% ","20,354 ","2.00 ","5.50 ","13.00 ",2.45,"0.00 ",3.5,"2.00 ","1.00 ","0.50 ","Relaxx-21129",1,1
"124",3,1,"31.1%","31.00 ","8.33 ","02:27 ","16,409 ","6.67 ","0.67 ","40% ","21,435 ","3.33 ","6.00 ","10.33 ",4.65,"0.00 ",4,"1.00 ","1.00 ","2.00 ","Relaxx-21129",3,0
"125",2,0.5,"12.8%","17.50 ","6.50 ","02:13 ","11,480 ","5.50 ","0.00 ","40% ","16,772 ","2.00 ","3.50 ","9.50 ",3.18,"0.50 ",2,"1.00 ","1.00 ","0.50 ","Relaxx-21129",1,1
"126",2,1,"9.5%","29.00 ","11.00 ","01:52 ","15,818 ","7.00 ","0.50 ","41% ","21,148 ","1.50 ","5.00 ","13.50 ",4.14,"0.00 ",4.5,"1.50 ","1.50 ","1.50 ","Relaxx-21129",2,0
"127",1,1,"0.0%","16.00 ","11.00 ","00:54 ","7,436 ","5.00 ","0.00 ","50% ","6,482 ","1.00 ","4.00 ","5.00 ",3.2,"0.00 ",2,"1.00 ","1.00 ","0.00 ","anonymous-14840",1,0
"128",3,1,"2.8%","18.67 ","9.00 ","02:29 ","15,747 ","12.00 ","0.67 ","39% ","34,822 ","2.00 ","4.33 ","5.00 ",1.56,"0.67 ",3,"1.33 ","1.33 ","0.33 ","anonymous-14840",3,0
"129",6,0.6667,"6.7%","19.50 ","8.83 ","03:01 ","11,589 ","9.67 ","0.50 ","46% ","24,974 ","3.50 ","3.67 ","6.67 ",2.02,"0.50 ",2.17,"0.83 ","0.67 ","0.67 ","anonymous-14840",4,2
"130",12,0.6667,"12.8%","23.25 ","9.75 ","02:27 ","12,261 ","7.00 ","0.58 ","38% ","21,360 ","2.50 ","4.67 ","6.17 ",3.32,"0.58 ",3.17,"1.25 ","1.00 ","0.92 ","anonymous-14840",8,4
"131",10,0.6,"7.6%","22.70 ","8.80 ","02:19 ","12,155 ","8.50 ","0.50 ","44% ","23,160 ","2.50 ","3.80 ","8.50 ",2.67,"0.70 ",2.1,"1.30 ","0.40 ","0.50 ","anonymous-14840",6,4
"132",4,0.75,"11.4%","29.00 ","14.00 ","02:28 ","14,913 ","10.00 ","0.50 ","56% ","26,146 ","3.75 ","7.25 ","9.50 ",2.9,"0.50 ",2.75,"0.75 ","1.25 ","0.50 ","anonymous-14840",3,1
"133",3,0.6667,"1.2%","26.00 ","10.67 ","04:22 ","17,644 ","12.00 ","0.00 ","50% ","24,621 ","3.00 ","4.67 ","13.00 ",2.17,"0.67 ",2,"1.33 ","0.33 ","0.33 ","BCrowness-2217",2,1
"134",3,0,"22.1%","28.67 ","9.33 ","03:05 ","17,914 ","13.33 ","0.00 ","43% ","25,328 ","2.67 ","5.67 ","11.33 ",2.15,"0.67 ",3.33,"1.67 ","0.67 ","1.00 ","BCrowness-2217",0,3
"135",1,1,"19.9%","12.00 ","2.00 ","01:21 ","6,338 ","1.00 ","0.00 ","33% ","14,209 ","0.00 ","4.00 ","3.00 ",12,"1.00 ",3,"1.00 ","0.00 ","2.00 ","BCrowness-2217",1,0
"136",2,0.5,"3.6%","13.00 ","2.00 ","01:16 ","6,872 ","3.50 ","0.00 ","42% ","10,342 ","0.50 ","3.50 ","5.50 ",3.71,"0.00 ",1.5,"0.50 ","0.50 ","0.50 ","BCrowness-2217",1,1
"137",2,0.5,"6.8%","26.50 ","8.00 ","01:25 ","12,968 ","10.00 ","0.50 ","36% ","17,720 ","5.50 ","5.00 ","9.50 ",2.65,"0.00 ",4,"1.00 ","2.50 ","1.00 ","BCrowness-2217",1,1
"138",6,0.3333,"17.5%","28.33 ","13.50 ","02:53 ","16,962 ","10.83 ","0.67 ","48% ","23,060 ","3.17 ","4.67 ","12.17 ",2.62,"0.50 ",3.67,"1.67 ","1.17 ","0.83 ","BCrowness-2217",2,4
"139",2,0.5,"2.5%","18.50 ","13.00 ","05:35 ","16,348 ","13.00 ","0.50 ","46% ","34,062 ","1.50 ","5.50 ","7.50 ",1.42,"1.00 ",3,"1.50 ","1.00 ","0.50 ","KingEliteBoy-1125",1,1
"140",4,0.5,"5.1%","13.50 ","6.00 ","01:39 ","9,205 ","7.50 ","0.00 ","37% ","17,937 ","1.50 ","1.25 ","4.50 ",1.8,"0.75 ",2,"1.25 ","0.50 ","0.25 ","KingEliteBoy-1125",2,2
"141",1,1,"3.1%","27.00 ","12.00 ","04:15 ","15,864 ","7.00 ","0.00 ","33% ","25,056 ","5.00 ","6.00 ","9.00 ",3.86,"1.00 ",5,"3.00 ","0.00 ","2.00 ","KingEliteBoy-1125",1,0
"142",3,0.6667,"21.8%","29.67 ","12.00 ","01:53 ","17,597 ","10.33 ","0.33 ","40% ","15,377 ","5.33 ","8.67 ","11.67 ",2.87,"0.33 ",2,"1.00 ","0.33 ","0.67 ","PUNCHLine-11289",2,1
"143",3,1,"11.6%","28.00 ","8.33 ","01:50 ","15,390 ","12.00 ","1.00 ","46% ","19,313 ","4.00 ","7.67 ","10.67 ",2.33,"0.33 ",4,"1.00 ","1.67 ","1.33 ","PUNCHLine-11289",3,0
"144",5,0.6,"19.9%","20.40 ","5.80 ","01:08 ","12,691 ","6.60 ","0.40 ","42% ","11,435 ","1.80 ","6.00 ","9.80 ",3.09,"0.40 ",2.8,"0.60 ","1.80 ","0.40 ","PUNCHLine-11289",3,2
"145",4,0.5,"8.9%","31.75 ","14.50 ","03:28 ","19,200 ","13.75 ","0.75 ","45% ","21,974 ","3.25 ","5.00 ","14.75 ",2.31,"0.00 ",4,"0.75 ","1.75 ","1.50 ","PUNCHLine-11289",2,2
"146",2,0.5,"2.1%","12.00 ","6.50 ","01:17 ","8,030 ","7.50 ","0.00 ","50% ","10,160 ","2.00 ","2.50 ","3.00 ",1.6,"0.00 ",2.5,"1.00 ","0.50 ","1.00 ","PUNCHLine-11289",1,1
"147",3,1,"14.7%","30.00 ","6.33 ","01:47 ","17,226 ","11.67 ","1.33 ","48% ","17,142 ","3.00 ","7.00 ","12.67 ",2.57,"0.33 ",2.67,"1.33 ","1.00 ","0.33 ","PUNCHLine-11289",3,0
"148",2,0.5,"4.5%","23.50 ","6.50 ","01:21 ","13,166 ","8.00 ","0.00 ","40% ","15,298 ","3.00 ","4.00 ","8.00 ",2.94,"0.00 ",2,"0.50 ","1.00 ","0.50 ","PUNCHLine-11289",1,1
"149",3,0.6667,"15.9%","25.67 ","7.00 ","00:48 ","15,708 ","9.33 ","0.33 ","38% ","12,540 ","2.33 ","6.67 ","11.33 ",2.75,"0.00 ",2.67,"1.33 ","0.67 ","0.67 ","PUNCHLine-11289",2,1
"150",2,0.5,"10.0%","20.50 ","12.50 ","01:58 ","11,936 ","11.00 ","0.00 ","39% ","26,791 ","2.00 ","7.00 ","9.50 ",1.86,"1.00 ",3.5,"1.00 ","1.00 ","1.50 ","Lwt-1526",1,1
"151",3,1,"6.0%","16.67 ","4.00 ","02:08 ","8,859 ","6.00 ","0.00 ","38% ","11,654 ","0.67 ","5.00 ","7.33 ",2.78,"0.00 ",2,"0.67 ","1.00 ","0.33 ","Lwt-1526",3,0
"152",2,1,"23.6%","31.50 ","12.00 ","03:49 ","19,111 ","8.50 ","0.00 ","46% ","23,502 ","3.00 ","7.00 ","12.50 ",3.71,"0.50 ",3.5,"1.50 ","1.00 ","1.00 ","Lwt-1526",2,0
"153",7,0.7143,"8.9%","22.57 ","9.71 ","02:24 ","14,856 ","8.57 ","0.57 ","48% ","20,328 ","3.00 ","3.71 ","9.86 ",2.63,"0.57 ",3.14,"1.29 ","1.14 ","0.71 ","Lwt-1526",5,2
"154",4,0.5,"9.2%","27.25 ","14.00 ","02:36 ","14,017 ","8.25 ","0.25 ","49% ","21,792 ","2.50 ","5.50 ","8.75 ",3.3,"0.75 ",3,"0.75 ","0.75 ","1.75 ","Lwt-1526",2,2
"155",1,0,"23.8%","20.00 ","8.00 ","02:50 ","12,127 ","9.00 ","0.00 ","30% ","18,982 ","1.00 ","9.00 ","10.00 ",2.22,"1.00 ",4,"1.00 ","3.00 ","0.00 ","Lwt-1526",0,1
"156",4,1,"17.5%","27.75 ","13.25 ","02:23 ","15,067 ","8.75 ","0.50 ","42% ","18,595 ","2.00 ","8.25 ","11.50 ",3.17,"0.25 ",3,"1.00 ","0.50 ","1.50 ","Garfield-22485",4,0
"157",2,1,"1.7%","14.50 ","7.50 ","01:48 ","10,310 ","6.00 ","0.00 ","38% ","11,511 ","4.00 ","1.50 ","5.50 ",2.42,"0.50 ",4,"1.00 ","0.50 ","2.50 ","Garfield-22485",2,0
"158",2,0.5,"8.6%","13.50 ","2.00 ","01:04 ","11,380 ","9.50 ","0.00 ","59% ","16,816 ","2.00 ","6.50 ","5.50 ",1.42,"0.00 ",1,"0.50 ","0.00 ","0.50 ","Garfield-22485",1,1
"159",1,0,"0.0%","19.00 ","5.00 ","01:26 ","13,332 ","20.00 ","1.00 ","53% ","34,240 ","3.00 ","4.00 ","6.00 ",0.95,"2.00 ",6,"4.00 ","2.00 ","0.00 ","Garfield-22485",0,1
"160",6,0.3333,"5.5%","16.83 ","8.00 ","02:27 ","12,428 ","10.50 ","0.17 ","38% ","20,704 ","3.67 ","3.17 ","6.67 ",1.6,"0.50 ",2.33,"1.67 ","0.00 ","0.50 ","Garfield-22485",2,4
"161",10,0.5,"9.1%","17.90 ","6.80 ","01:49 ","11,330 ","10.20 ","0.50 ","44% ","18,271 ","2.50 ","4.10 ","8.00 ",1.75,"0.30 ",2.8,"1.30 ","0.60 ","1.00 ","Garfield-22485",5,5
"162",6,0.5,"19.3%","29.17 ","11.67 ","02:39 ","17,981 ","8.33 ","0.33 ","46% ","21,210 ","5.00 ","4.17 ","10.83 ",3.5,"0.33 ",3.33,"1.00 ","1.33 ","1.00 ","LUFT-21935",3,3
"163",3,0.3333,"10.8%","15.00 ","4.67 ","01:22 ","9,602 ","3.33 ","0.67 ","38% ","11,681 ","2.00 ","3.33 ","5.33 ",4.5,"0.00 ",1.33,"0.67 ","0.00 ","0.67 ","LUFT-21935",1,2
"164",4,1,"19.6%","28.75 ","10.50 ","03:19 ","18,077 ","11.50 ","0.50 ","43% ","24,466 ","2.75 ","7.00 ","12.50 ",2.5,"0.75 ",4.25,"1.50 ","1.25 ","1.50 ","LUFT-21935",4,0
"165",4,0.5,"9.5%","18.75 ","7.50 ","02:04 ","13,246 ","5.50 ","0.50 ","51% ","16,865 ","3.00 ","6.00 ","6.50 ",3.41,"0.50 ",2.25,"0.75 ","1.00 ","0.50 ","LUFT-21935",2,2
"166",1,1,"9.5%","30.00 ","8.00 ","04:33 ","20,866 ","11.00 ","0.00 ","40% ","22,431 ","2.00 ","9.00 ","11.00 ",2.73,"0.00 ",3,"1.00 ","2.00 ","0.00 ","LUFT-21935",1,0
"167",2,0.5,"6.2%","29.50 ","12.50 ","05:04 ","24,268 ","14.00 ","0.00 ","42% ","38,326 ","1.50 ","5.50 ","13.00 ",2.11,"0.00 ",3,"1.00 ","1.50 ","0.00 ","LUFT-21935",1,1
"168",4,0,"13.7%","22.50 ","11.50 ","03:21 ","17,040 ","13.00 ","0.25 ","40% ","22,387 ","2.50 ","5.50 ","11.75 ",1.73,"0.00 ",3.5,"1.50 ","1.00 ","1.00 ","True-11360",0,4
"169",4,0.3333,"13.9%","22.25 ","9.50 ","02:22 ","13,129 ","7.75 ","0.75 ","42% ","20,445 ","3.75 ","7.00 ","10.25 ",2.87,"0.50 ",2.75,"1.00 ","0.75 ","1.00 ","True-11360",1,3
"170",4,0.75,"8.5%","28.50 ","12.00 ","02:28 ","16,014 ","9.00 ","0.50 ","34% ","24,813 ","3.25 ","6.25 ","11.75 ",3.17,"0.50 ",2.75,"0.75 ","0.75 ","1.25 ","True-11360",3,1
"171",6,0.5,"12.8%","25.83 ","12.67 ","03:39 ","16,436 ","11.50 ","0.67 ","49% ","26,290 ","3.67 ","4.83 ","10.33 ",2.25,"0.50 ",3,"1.00 ","0.83 ","1.17 ","True-11360",3,3
"172",5,0.8,"13.0%","15.80 ","5.80 ","01:42 ","8,231 ","4.00 ","0.40 ","35% ","12,305 ","1.40 ","3.20 ","7.60 ",3.95,"0.40 ",1.8,"0.80 ","0.40 ","0.60 ","LullSiSH-2507",4,1
"173",4,0.5,"34.0%","22.25 ","11.50 ","02:23 ","10,874 ","2.25 ","0.00 ","33% ","12,417 ","2.25 ","4.75 ","10.50 ",9.89,"0.25 ",1.5,"0.50 ","0.75 ","0.25 ","LullSiSH-2507",2,2
"174",5,0.4,"9.7%","20.00 ","10.60 ","02:24 ","14,533 ","12.00 ","0.40 ","42% ","24,438 ","2.40 ","4.40 ","8.20 ",1.67,"0.40 ",3.8,"1.20 ","1.40 ","1.20 ","LullSiSH-2507",2,3
"175",2,1,"21.6%","19.50 ","11.50 ","02:15 ","10,098 ","1.50 ","0.50 ","54% ","9,883 ","2.00 ","3.00 ","8.50 ",13,"0.50 ",3,"2.00 ","0.50 ","0.50 ","LullSiSH-2507",2,0
"176",1,0,"0.0%","11.00 ","2.00 ","00:57 ","13,797 ","12.00 ","0.00 ","55% ","14,648 ","2.00 ","1.00 ","2.00 ",0.92,"0.00 ",3,"1.00 ","2.00 ","0.00 ","LullSiSH-2507",0,1
"177",2,0.5,"5.0%","24.00 ","13.50 ","03:42 ","19,978 ","9.50 ","0.50 ","38% ","27,274 ","1.50 ","5.00 ","10.00 ",2.53,"0.00 ",2.5,"0.50 ","0.50 ","1.50 ","LullSiSH-2507",1,1
"178",6,0.5,"18.8%","21.00 ","7.50 ","01:53 ","12,978 ","8.83 ","0.33 ","41% ","22,404 ","2.83 ","5.17 ","9.00 ",2.38,"0.33 ",2.5,"0.83 ","0.67 ","1.00 ","LullSiSH-2507",3,3
"179",6,0.6667,"4.5%","17.50 ","7.33 ","01:23 ","11,550 ","7.00 ","0.67 ","47% ","18,949 ","2.50 ","3.17 ","7.50 ",2.5,"0.67 ",3.33,"1.50 ","0.83 ","1.00 ","LullSiSH-2507",4,2
"180",3,0.6667,"1.8%","16.33 ","9.00 ","02:03 ","8,965 ","7.67 ","1.00 ","45% ","18,421 ","3.00 ","2.33 ","5.33 ",2.13,"0.33 ",1.67,"0.33 ","0.67 ","0.33 ","Waylander-2831",2,1
"181",6,0.5,"8.3%","25.17 ","12.83 ","02:33 ","15,376 ","11.33 ","0.67 ","46% ","23,525 ","2.67 ","6.00 ","7.50 ",2.22,"0.17 ",3.33,"1.33 ","1.00 ","1.00 ","Waylander-2831",3,3
"182",1,0,"5.7%","26.00 ","11.00 ","02:41 ","12,616 ","14.00 ","0.00 ","42% ","23,925 ","3.00 ","6.00 ","9.00 ",1.86,"1.00 ",1,"0.00 ","0.00 ","1.00 ","Waylander-2831",0,1
"183",7,0.5714,"16.2%","30.00 ","12.57 ","02:25 ","16,960 ","10.14 ","0.57 ","46% ","21,136 ","4.14 ","7.00 ","13.86 ",2.96,"0.29 ",3,"0.71 ","1.14 ","1.14 ","Waylander-2831",4,3
"184",1,1,"15.4%","26.00 ","7.00 ","01:01 ","7,727 ","4.00 ","0.00 ","31% ","13,427 ","2.00 ","8.00 ","12.00 ",6.5,"1.00 ",3,"1.00 ","2.00 ","0.00 ","Waylander-2831",1,0
"185",1,1,"6.2%","26.00 ","12.00 ","04:36 ","15,319 ","7.00 ","1.00 ","42% ","21,790 ","6.00 ","7.00 ","10.00 ",3.71,"1.00 ",3,"2.00 ","1.00 ","0.00 ","Waylander-2831",1,0
"186",7,0.7143,"6.9%","20.86 ","7.29 ","02:05 ","13,660 ","9.29 ","0.43 ","49% ","20,346 ","3.14 ","4.00 ","9.00 ",2.25,"0.14 ",2.57,"1.00 ","1.00 ","0.71 ","EgleaFlame-1808",5,2
"187",6,0.5,"6.9%","22.50 ","10.83 ","02:26 ","13,373 ","9.83 ","0.33 ","46% ","23,656 ","4.33 ","4.83 ","8.17 ",2.29,"0.50 ",3.5,"1.00 ","0.67 ","1.83 ","EgleaFlame-1808",3,3
"188",6,0.5,"10.8%","17.50 ","8.67 ","01:33 ","13,302 ","10.00 ","0.17 ","39% ","20,734 ","2.17 ","3.17 ","5.17 ",1.75,"0.33 ",2.83,"1.50 ","0.50 ","0.83 ","EgleaFlame-1808",3,3
"189",1,0,"20.1%","36.00 ","16.00 ","05:24 ","19,155 ","15.00 ","1.00 ","44% ","30,764 ","4.00 ","9.00 ","10.00 ",2.4,"0.00 ",3,"1.00 ","1.00 ","1.00 ","EgleaFlame-1808",0,1
"190",6,0.5,"14.9%","30.83 ","12.17 ","03:30 ","17,562 ","9.50 ","0.00 ","39% ","23,993 ","3.67 ","5.50 ","13.50 ",3.25,"0.17 ",2.67,"0.50 ","1.17 ","0.83 ","EgleaFlame-1808",3,3
"191",5,0,"11.5%","12.40 ","4.60 ","01:50 ","8,565 ","5.60 ","0.20 ","48% ","15,762 ","1.80 ","4.60 ","5.40 ",2.21,"0.60 ",2.4,"0.60 ","1.20 ","0.60 ","EgleaFlame-1808",0,5
"192",2,0.5,"11.4%","27.00 ","15.50 ","03:10 ","25,552 ","10.50 ","1.00 ","46% ","28,288 ","4.50 ","9.00 ","10.00 ",2.57,"0.00 ",3.5,"1.50 ","1.00 ","1.00 ","RedReX-1627",1,1
"193",6,0.8333,"8.9%","22.83 ","8.67 ","01:36 ","14,819 ","8.33 ","0.17 ","38% ","23,797 ","2.67 ","5.00 ","7.67 ",2.74,"0.83 ",3.17,"0.67 ","1.67 ","0.83 ","RedReX-1627",5,1
"194",14,0.3571,"10.5%","18.14 ","5.79 ","01:54 ","13,217 ","9.71 ","0.36 ","34% ","19,214 ","2.36 ","4.21 ","7.43 ",1.87,"0.29 ",2.86,"0.93 ","1.00 ","0.93 ","RedReX-1627",5,9
"195",8,0.5,"8.3%","25.50 ","11.00 ","02:32 ","18,479 ","10.88 ","0.25 ","47% ","23,449 ","4.00 ","5.75 ","9.88 ",2.34,"0.50 ",3.5,"1.12 ","1.38 ","1.00 ","RedReX-1627",4,4
"196",2,1,"22.5%","39.50 ","16.00 ","03:50 ","25,701 ","9.50 ","0.50 ","42% ","22,309 ","5.50 ","9.00 ","15.50 ",4.16,"0.00 ",3.5,"1.50 ","0.50 ","1.50 ","RedReX-1627",2,0
"197",4,0.5,"18.4%","23.25 ","11.75 ","02:20 ","16,534 ","9.75 ","0.00 ","47% ","28,668 ","3.50 ","5.25 ","9.75 ",2.38,"0.75 ",4,"1.25 ","1.25 ","1.50 ","RedReX-1627",2,2
"198",14,0.5714,"14.2%","20.93 ","9.21 ","02:29 ","13,293 ","7.79 ","0.43 ","40% ","19,961 ","2.07 ","4.29 ","8.71 ",2.69,"0.64 ",2.86,"0.86 ","1.50 ","0.50 ","DeadlyPants-179531",8,6
"199",4,0.5,"9.7%","25.75 ","12.75 ","03:47 ","18,739 ","9.50 ","1.25 ","52% ","22,262 ","3.25 ","4.50 ","10.50 ",2.71,"0.50 ",3.25,"2.00 ","1.25 ","0.25 ","DeadlyPants-179531",2,2
"200",7,0.7143,"9.2%","27.14 ","13.14 ","03:31 ","16,989 ","9.71 ","0.29 ","41% ","24,275 ","2.14 ","5.29 ","9.14 ",2.79,"0.00 ",3.43,"1.29 ","1.14 ","1.00 ","DeadlyPants-179531",5,2
"201",2,0.5,"12.2%","23.50 ","8.50 ","02:26 ","12,698 ","6.00 ","0.00 ","38% ","17,667 ","4.50 ","5.50 ","8.00 ",3.92,"0.50 ",3,"1.50 ","0.50 ","0.50 ","DeadlyPants-179531",1,1
"202",2,1,"0.0%","21.50 ","11.00 ","03:36 ","15,281 ","8.00 ","0.50 ","37% ","16,671 ","1.50 ","3.50 ","9.50 ",2.69,"0.50 ",3.5,"1.50 ","1.00 ","1.50 ","DeadlyPants-179531",2,0
"203",1,1,"1.1%","17.00 ","8.00 ","02:11 ","8,422 ","3.00 ","0.00 ","53% ","12,886 ","2.00 ","4.00 ","8.00 ",5.67,"0.00 ",3,"1.00 ","0.00 ","1.00 ","DeadlyPants-179531",1,0
"204",2,0.5,"17.7%","27.50 ","13.00 ","03:06 ","14,514 ","9.00 ","0.50 ","36% ","25,338 ","6.50 ","8.00 ","9.00 ",3.06,"0.50 ",3,"1.50 ","0.50 ","1.00 ","TSLL4OWANG-1628",1,1
"205",5,0.2,"14.0%","29.20 ","14.00 ","04:56 ","17,920 ","11.60 ","0.40 ","54% ","23,951 ","4.00 ","6.60 ","9.60 ",2.52,"0.60 ",2.8,"1.60 ","0.80 ","0.40 ","TSLL4OWANG-1628",1,4
"206",8,0.5,"10.8%","22.50 ","10.12 ","02:29 ","14,569 ","10.88 ","0.88 ","47% ","23,643 ","3.62 ","5.75 ","7.75 ",2.07,"0.25 ",2.62,"0.62 ","1.25 ","0.75 ","TSLL4OWANG-1628",4,4
"207",7,0.7143,"21.2%","30.29 ","13.00 ","03:21 ","16,507 ","9.43 ","0.00 ","44% ","19,879 ","3.57 ","7.71 ","9.43 ",3.21,"0.57 ",2,"1.29 ","0.43 ","0.29 ","TSLL4OWANG-1628",5,2
"208",22,0.5909,"11.8%","22.55 ","10.05 ","02:48 ","13,263 ","9.00 ","0.18 ","41% ","19,695 ","3.09 ","5.73 ","7.82 ",2.51,"0.55 ",3.05,"1.27 ","1.09 ","0.68 ","TSLL4OWANG-1628",13,9
"209",4,0.25,"25.6%","25.50 ","12.00 ","03:31 ","14,384 ","9.75 ","0.50 ","41% ","19,949 ","2.25 ","5.00 ","8.75 ",2.62,"0.50 ",2.75,"1.25 ","1.25 ","0.25 ","TSLL4OWANG-1628",1,3
"210",3,1,"15.1%","27.00 ","13.67 ","02:17 ","15,228 ","7.33 ","0.33 ","47% ","24,465 ","2.67 ","6.00 ","12.33 ",3.68,"0.67 ",4,"1.00 ","1.67 ","1.33 ","orel505-2862",3,0
"211",8,0.5,"8.1%","22.50 ","10.38 ","03:46 ","16,712 ","8.88 ","0.25 ","43% ","30,491 ","1.88 ","5.25 ","7.62 ",2.54,"1.00 ",2.75,"1.25 ","1.00 ","0.62 ","orel505-2862",4,4
"212",5,0.4,"9.2%","19.80 ","8.40 ","03:01 ","13,945 ","9.20 ","0.00 ","38% ","28,369 ","2.20 ","2.80 ","8.40 ",2.15,"1.00 ",2.6,"1.40 ","0.60 ","0.40 ","orel505-2862",2,3
"213",4,0.75,"11.1%","24.50 ","10.25 ","02:41 ","13,594 ","7.75 ","0.00 ","45% ","22,568 ","1.25 ","3.50 ","9.00 ",3.16,"0.25 ",2.75,"0.50 ","1.00 ","1.25 ","orel505-2862",3,1
"214",6,0.1667,"7.8%","11.83 ","5.17 ","01:08 ","6,831 ","7.00 ","0.00 ","39% ","13,316 ","1.17 ","1.50 ","3.50 ",1.69,"0.17 ",2.5,"1.17 ","0.67 ","0.67 ","orel505-2862",1,5
"215",2,0.5,"1.2%","15.00 ","3.50 ","01:39 ","14,070 ","11.00 ","0.00 ","43% ","31,265 ","1.00 ","3.50 ","7.00 ",1.36,"1.00 ",3,"2.00 ","1.00 ","0.00 ","orel505-2862",1,1
"216",4,0.75,"8.4%","14.25 ","5.50 ","01:33 ","11,953 ","6.50 ","0.50 ","42% ","10,778 ","1.75 ","4.25 ","5.25 ",2.19,"0.00 ",3.25,"1.75 ","0.75 ","0.75 ","hades2417-2699",3,1
"217",4,0.5,"6.6%","16.00 ","5.75 ","02:26 ","12,796 ","8.00 ","0.50 ","45% ","17,126 ","2.00 ","3.25 ","7.00 ",2,"0.50 ",2.5,"1.00 ","1.25 ","0.25 ","hades2417-2699",2,2
"218",8,0.5,"12.3%","25.50 ","11.38 ","03:04 ","15,208 ","8.50 ","0.62 ","44% ","18,095 ","2.50 ","4.50 ","11.12 ",3,"0.50 ",3.38,"1.88 ","0.50 ","0.88 ","hades2417-2699",4,4
"219",3,0.3333,"20.0%","35.00 ","15.00 ","02:19 ","23,667 ","15.33 ","0.00 ","43% ","22,576 ","4.00 ","5.00 ","14.67 ",2.28,"0.00 ",4.67,"2.33 ","1.33 ","1.33 ","hades2417-2699",1,2
"220",16,0.3125,"7.6%","22.06 ","8.94 ","02:36 ","15,022 ","10.19 ","0.38 ","47% ","21,742 ","2.69 ","4.06 ","8.88 ",2.17,"0.44 ",2.44,"0.75 ","1.12 ","0.62 ","hades2417-2699",5,11
"221",7,0.7143,"5.6%","25.00 ","10.14 ","02:18 ","17,954 ","13.29 ","1.00 ","46% ","23,530 ","3.71 ","3.57 ","9.43 ",1.88,"0.29 ",2.71,"0.57 ","0.71 ","1.29 ","hades2417-2699",5,2
"222",2,0,"13.8%","15.50 ","6.50 ","02:09 ","12,293 ","7.50 ","0.50 ","52% ","17,688 ","1.50 ","2.50 ","6.00 ",2.07,"0.50 ",2.5,"0.00 ","1.50 ","1.00 ","Lzuigi-1981",0,2
"223",4,0.5,"6.3%","20.75 ","9.75 ","03:56 ","14,848 ","8.00 ","0.00 ","42% ","24,350 ","3.00 ","2.75 ","9.00 ",2.59,"0.50 ",2.25,"1.00 ","0.50 ","0.50 ","Lzuigi-1981",2,2
"224",1,1,"13.7%","47.00 ","20.00 ","07:40 ","38,888 ","13.00 ","0.00 ","43% ","48,356 ","7.00 ","11.00 ","12.00 ",3.62,"1.00 ",5,"4.00 ","2.00 ","1.00 ","Lzuigi-1981",1,0
"225",1,0,"2.9%","10.00 ","3.00 ","02:44 ","9,824 ","12.00 ","0.00 ","60% ","20,333 ","0.00 ","0.00 ","6.00 ",0.83,"0.00 ",0,"0.00 ","0.00 ","0.00 ","Lzuigi-1981",0,1
"226",3,0.6667,"6.8%","21.33 ","6.67 ","02:21 ","15,011 ","9.67 ","0.33 ","42% ","18,806 ","2.00 ","5.67 ","6.67 ",2.21,"0.00 ",3,"1.00 ","1.67 ","0.33 ","Lzuigi-1981",2,1
"227",4,0.5,"4.1%","18.75 ","6.75 ","02:12 ","13,688 ","9.75 ","0.00 ","37% ","23,827 ","1.75 ","4.25 ","7.75 ",1.92,"0.50 ",2,"1.25 ","0.50 ","0.50 ","ProGitv-2639",2,2
"228",2,0.5,"4.0%","30.50 ","12.00 ","02:46 ","18,768 ","12.50 ","2.50 ","49% ","26,874 ","6.00 ","3.50 ","14.50 ",2.44,"0.50 ",5.5,"2.00 ","1.50 ","1.50 ","ProGitv-2639",1,1
"229",5,0.4,"12.7%","20.40 ","9.00 ","02:23 ","13,815 ","9.00 ","0.00 ","48% ","20,797 ","1.80 ","3.60 ","6.00 ",2.27,"0.60 ",3,"0.80 ","1.00 ","1.40 ","ProGitv-2639",2,3
"230",3,0.6667,"7.8%","28.00 ","13.33 ","03:32 ","17,767 ","12.00 ","0.00 ","35% ","25,869 ","5.00 ","8.33 ","11.00 ",2.33,"0.67 ",2.67,"1.00 ","0.33 ","1.33 ","ProGitv-2639",2,1
"231",1,0,"0.0%","12.00 ","4.00 ","00:44 ","11,069 ","8.00 ","1.00 ","25% ","6,537 ","1.00 ","3.00 ","5.00 ",1.5,"0.00 ",3,"0.00 ","2.00 ","1.00 ","ProGitv-2639",0,1
"232",7,0.5714,"9.4%","21.14 ","11.14 ","02:59 ","12,663 ","8.29 ","0.43 ","43% ","20,453 ","1.43 ","3.86 ","8.14 ",2.55,"0.43 ",2.14,"1.14 ","0.57 ","0.43 ","ProGitv-2639",4,3
"233",4,0.25,"11.2%","19.75 ","10.50 ","02:22 ","12,898 ","8.50 ","0.50 ","38% ","17,780 ","2.25 ","4.25 ","8.75 ",2.32,"0.50 ",2.75,"0.75 ","0.75 ","1.00 ","MpT-11179",1,3
"234",3,0.3333,"6.8%","21.00 ","12.33 ","05:10 ","14,921 ","10.33 ","0.33 ","51% ","28,680 ","2.67 ","4.00 ","9.33 ",2.03,"1.00 ",3,"1.33 ","0.67 ","1.33 ","MpT-11179",1,2
"235",6,0.5,"7.3%","16.33 ","7.83 ","02:44 ","13,627 ","8.50 ","1.00 ","42% ","21,248 ","1.67 ","2.50 ","7.00 ",1.92,"0.50 ",3,"1.83 ","0.83 ","0.33 ","MpT-11179",3,3
"236",4,0.25,"3.7%","17.00 ","10.50 ","03:31 ","13,124 ","10.00 ","0.00 ","51% ","19,956 ","2.50 ","2.50 ","6.50 ",1.7,"0.50 ",2.5,"1.00 ","1.00 ","0.50 ","MpT-11179",1,3
"237",2,1,"6.8%","25.00 ","14.50 ","03:25 ","16,984 ","10.50 ","0.50 ","44% ","28,770 ","2.50 ","6.00 ","8.50 ",2.38,"1.00 ",3.5,"2.00 ","0.50 ","1.00 ","MpT-11179",2,0
"238",15,0.6,"17.4%","25.93 ","11.73 ","02:34 ","15,452 ","8.73 ","0.80 ","42% ","22,438 ","3.53 ","5.47 ","9.13 ",2.97,"0.67 ",3.27,"1.40 ","1.13 ","0.73 ","Simmi-2735",9,6
"239",1,0,"11.6%","42.00 ","13.00 ","02:39 ","26,832 ","20.00 ","0.00 ","40% ","39,434 ","2.00 ","7.00 ","22.00 ",2.1,"0.00 ",5,"2.00 ","4.00 ","1.00 ","Simmi-2735",0,1
"240",9,0.25,"9.0%","21.11 ","8.11 ","01:51 ","13,548 ","9.56 ","0.44 ","44% ","21,003 ","3.22 ","4.56 ","8.11 ",2.21,"0.33 ",3,"1.22 ","0.78 ","0.89 ","Simmi-2735",2,7
"241",3,1,"1.4%","25.67 ","12.00 ","02:30 ","17,587 ","10.33 ","0.00 ","47% ","25,007 ","2.33 ","4.67 ","11.00 ",2.48,"0.00 ",3.33,"0.33 ","2.00 ","1.00 ","Simmi-2735",3,0
"242",1,1,"19.3%","29.00 ","8.00 ","01:20 ","15,100 ","9.00 ","0.00 ","34% ","12,925 ","3.00 ","7.00 ","9.00 ",3.22,"0.00 ",4,"2.00 ","2.00 ","1.00 ","Simmi-2735",1,0
"243",9,0.4444,"6.0%","17.67 ","5.56 ","01:53 ","13,560 ","8.89 ","0.11 ","38% ","23,093 ","2.11 ","2.56 ","7.11 ",1.99,"0.56 ",2.22,"0.78 ","0.89 ","0.56 ","Simmi-2735",4,5
"244",1,0,"38.7%","38.00 ","14.00 ","01:12 ","23,572 ","10.00 ","0.00 ","47% ","23,579 ","4.00 ","7.00 ","11.00 ",3.8,"1.00 ",7,"4.00 ","2.00 ","1.00 ","Fusions-2559",0,1
"245",2,0.5,"26.5%","23.50 ","8.50 ","01:42 ","14,012 ","9.00 ","0.00 ","45% ","19,001 ","3.50 ","4.00 ","13.00 ",2.61,"0.00 ",2,"1.50 ","0.00 ","0.50 ","Fusions-2559",1,1
"246",2,1,"13.8%","30.00 ","15.50 ","03:00 ","20,396 ","10.00 ","0.00 ","45% ","19,562 ","2.50 ","8.00 ","9.00 ",3,"0.50 ",3.5,"1.50 ","2.00 ","0.00 ","Fusions-2559",2,0
"247",1,1,"18.0%","42.00 ","20.00 ","04:15 ","29,572 ","11.00 ","0.00 ","26% ","37,854 ","4.00 ","11.00 ","15.00 ",3.82,"1.00 ",4,"1.00 ","3.00 ","0.00 ","Fusions-2559",1,0
"248",2,1,"27.6%","22.00 ","7.50 ","01:45 ","12,644 ","6.50 ","0.00 ","50% ","13,308 ","2.00 ","2.50 ","9.00 ",3.38,"0.50 ",3,"1.50 ","0.00 ","1.00 ","Fusions-2559",2,0
"249",5,0.8,"25.9%","29.80 ","9.40 ","02:18 ","15,896 ","7.20 ","0.40 ","50% ","16,209 ","2.00 ","4.40 ","12.80 ",4.14,"0.40 ",3,"1.60 ","1.20 ","0.40 ","Fusions-2559",4,1
"250",4,0.25,"3.4%","18.75 ","9.00 ","03:24 ","13,782 ","12.75 ","0.50 ","43% ","23,399 ","2.25 ","3.75 ","6.00 ",1.47,"0.50 ",3,"1.00 ","0.75 ","1.00 ","Baeginning-1343",1,3
"251",8,0.75,"5.6%","21.75 ","9.38 ","01:46 ","11,238 ","8.88 ","0.62 ","43% ","17,176 ","3.50 ","4.12 ","8.00 ",2.45,"0.12 ",2,"0.38 ","0.88 ","0.88 ","Baeginning-1343",6,2
"252",4,0.6667,"4.6%","23.25 ","12.00 ","01:33 ","14,300 ","9.75 ","0.50 ","41% ","23,333 ","3.50 ","4.50 ","10.75 ",2.38,"0.25 ",3,"0.50 ","1.25 ","1.00 ","Baeginning-1343",3,1
"253",9,0.7778,"11.0%","21.56 ","7.11 ","01:20 ","11,905 ","8.67 ","0.22 ","39% ","15,350 ","2.89 ","4.33 ","8.11 ",2.49,"0.11 ",2.78,"0.78 ","0.89 ","1.00 ","Baeginning-1343",7,2
"254",13,0.4615,"4.3%","17.92 ","6.46 ","02:00 ","11,412 ","9.77 ","0.46 ","48% ","16,955 ","3.15 ","4.00 ","7.62 ",1.83,"0.46 ",2.38,"0.92 ","0.54 ","1.00 ","Baeginning-1343",6,7
"255",4,0.75,"11.6%","24.00 ","11.75 ","03:01 ","13,272 ","8.75 ","1.25 ","55% ","16,766 ","3.25 ","6.50 ","8.00 ",2.74,"0.25 ",3.75,"1.75 ","1.25 ","0.50 ","Baeginning-1343",3,1
"256",1,0,"0.0%","15.00 ","3.00 ","00:54 ","13,148 ","9.00 ","0.00 ","33% ","21,661 ","1.00 ","0.00 ","7.00 ",1.67,"0.00 ",1,"1.00 ","0.00 ","1.00 ","Leinahtan-11954",0,1
"257",1,0,"16.1%","24.00 ","13.00 ","03:54 ","13,533 ","12.00 ","0.00 ","50% ","27,874 ","2.00 ","3.00 ","8.00 ",2,"0.00 ",4,"1.00 ","1.00 ","1.00 ","Leinahtan-11954",0,1
"258",3,1,"5.8%","19.67 ","10.67 ","01:59 ","12,942 ","10.00 ","0.00 ","41% ","22,259 ","1.67 ","3.00 ","9.00 ",1.97,"0.00 ",2.67,"0.67 ","0.67 ","1.00 ","Leinahtan-11954",3,0
"259",7,0.7143,"11.2%","22.00 ","11.14 ","02:43 ","12,458 ","9.43 ","0.29 ","36% ","20,097 ","2.43 ","5.00 ","9.00 ",2.33,"0.14 ",2.71,"0.86 ","0.86 ","1.29 ","Leinahtan-11954",5,2
"260",2,1,"12.6%","29.00 ","14.50 ","03:50 ","14,954 ","9.00 ","0.00 ","48% ","20,424 ","2.50 ","8.00 ","11.50 ",3.22,"1.00 ",3.5,"2.00 ","1.00 ","0.00 ","Leinahtan-11954",2,0
"261",2,0.5,"7.0%","29.50 ","15.00 ","01:47 ","16,366 ","11.50 ","0.50 ","39% ","23,383 ","2.00 ","10.00 ","10.50 ",2.57,"0.00 ",3.5,"1.00 ","1.00 ","1.50 ","Leinahtan-11954",1,1
"262",5,0.6,"8.2%","18.60 ","8.60 ","01:42 ","10,546 ","7.20 ","0.20 ","44% ","11,837 ","1.00 ","3.20 ","7.80 ",2.58,"0.00 ",2.4,"1.00 ","0.60 ","0.60 ","ped0fka-2677",3,2
"263",1,0,"0.4%","25.00 ","7.00 ","01:37 ","15,878 ","15.00 ","0.00 ","24% ","23,723 ","4.00 ","4.00 ","5.00 ",1.67,"0.00 ",2,"0.00 ","1.00 ","2.00 ","ped0fka-2677",0,1
"264",4,0.25,"2.8%","13.75 ","4.00 ","01:47 ","11,628 ","10.00 ","0.00 ","38% ","19,646 ","0.75 ","3.50 ","6.25 ",1.38,"0.00 ",2.75,"0.25 ","1.50 ","1.00 ","ped0fka-2677",1,3
"265",4,0.5,"4.1%","16.25 ","6.75 ","00:54 ","13,042 ","10.50 ","0.75 ","45% ","20,092 ","1.75 ","4.75 ","5.25 ",1.55,"0.00 ",2.75,"0.75 ","1.25 ","0.75 ","ped0fka-2677",2,2
"266",7,0.2857,"5.0%","19.71 ","9.00 ","02:24 ","12,315 ","7.29 ","0.29 ","41% ","18,325 ","1.86 ","5.00 ","7.71 ",2.71,"0.43 ",3,"1.57 ","0.57 ","0.86 ","ped0fka-2677",2,5
"267",6,0.8333,"10.8%","23.17 ","7.17 ","02:17 ","14,743 ","8.00 ","0.00 ","44% ","18,720 ","2.00 ","4.17 ","9.17 ",2.9,"0.17 ",2.83,"1.17 ","1.00 ","0.67 ","ped0fka-2677",5,1
"268",1,0,"0.0%","2.00 ","0.00 ","00:26 ","4,143 ","6.00 ","0.00 ","50% ","7,245 ","0.00 ","0.00 ","1.00 ",0.33,"0.00 ",1,"0.00 ","1.00 ","0.00 ","Dekest-2232",0,1
"269",6,0.8333,"7.6%","25.33 ","11.33 ","02:48 ","14,941 ","8.33 ","0.83 ","43% ","19,274 ","3.50 ","5.67 ","10.00 ",3.04,"0.67 ",3.5,"1.33 ","1.17 ","1.00 ","Dekest-2232",5,1
"270",5,0.4,"7.0%","20.00 ","5.80 ","01:36 ","11,733 ","7.40 ","0.20 ","51% ","18,451 ","2.80 ","4.60 ","7.80 ",2.7,"0.60 ",3.2,"1.20 ","0.80 ","1.20 ","Dekest-2232",2,3
"271",6,0.5,"15.7%","21.17 ","7.67 ","02:59 ","15,225 ","9.33 ","0.00 ","43% ","20,668 ","3.17 ","3.33 ","8.83 ",2.27,"0.33 ",2,"1.00 ","0.33 ","0.50 ","Dekest-2232",3,3
"272",1,0,"12.2%","17.00 ","3.00 ","01:20 ","17,615 ","11.00 ","0.00 ","47% ","23,782 ","7.00 ","2.00 ","5.00 ",1.55,"0.00 ",3,"2.00 ","1.00 ","1.00 ","Dekest-2232",0,1
"273",7,0.5714,"13.7%","19.86 ","6.86 ","01:38 ","12,679 ","8.14 ","0.71 ","44% ","17,095 ","3.14 ","4.71 ","8.00 ",2.44,"0.43 ",3,"1.14 ","1.00 ","0.71 ","Dekest-2232",4,3
"274",11,0.4545,"11.9%","22.27 ","8.55 ","02:43 ","12,619 ","8.18 ","0.36 ","47% ","22,811 ","3.09 ","3.55 ","7.91 ",2.72,"0.73 ",2.64,"0.82 ","0.91 ","0.82 ","LmAzoOoz-2575",5,6
"275",3,0.6667,"8.3%","18.00 ","5.67 ","02:02 ","11,025 ","7.67 ","0.00 ","44% ","19,623 ","3.00 ","3.67 ","9.00 ",2.35,"0.00 ",2.67,"0.67 ","1.67 ","0.33 ","LmAzoOoz-2575",2,1
"276",3,0.6667,"1.5%","30.00 ","14.33 ","04:34 ","18,377 ","12.33 ","1.33 ","44% ","45,382 ","4.00 ","5.67 ","10.33 ",2.43,"1.00 ",3,"1.00 ","1.33 ","0.67 ","LmAzoOoz-2575",2,1
"277",6,0.5,"3.8%","16.67 ","5.67 ","02:04 ","12,438 ","8.33 ","0.17 ","37% ","24,030 ","2.17 ","2.83 ","7.17 ",2,"0.67 ",2.33,"0.83 ","0.83 ","0.67 ","LmAzoOoz-2575",3,3
"278",3,0.6667,"15.2%","28.33 ","16.33 ","03:30 ","15,198 ","11.00 ","1.33 ","48% ","17,981 ","5.00 ","5.33 ","10.00 ",2.58,"1.00 ",2.67,"1.67 ","0.67 ","0.67 ","Doni-21564",2,1
"279",2,1,"10.2%","23.50 ","5.50 ","02:37 ","17,639 ","11.50 ","0.00 ","36% ","17,658 ","3.00 ","5.50 ","8.50 ",2.04,"0.50 ",2.5,"1.00 ","0.50 ","1.00 ","Doni-21564",2,0
"280",16,0.4,"11.1%","24.44 ","10.75 ","02:25 ","15,528 ","10.75 ","0.56 ","40% ","19,759 ","2.44 ","5.75 ","9.44 ",2.27,"0.31 ",3.25,"0.88 ","1.19 ","1.19 ","Doni-21564",6,10
"281",8,0.375,"16.1%","23.25 ","8.62 ","02:16 ","13,500 ","8.12 ","0.62 ","44% ","18,855 ","3.00 ","5.12 ","6.88 ",2.86,"0.38 ",3.12,"1.12 ","1.12 ","0.88 ","Doni-21564",3,5
"282",3,0.6667,"6.5%","35.00 ","12.67 ","03:54 ","23,593 ","16.67 ","0.33 ","45% ","28,991 ","7.33 ","8.33 ","15.33 ",2.1,"0.00 ",3.67,"0.67 ","1.00 ","2.33 ","Doni-21564",2,1
"283",1,0,"15.2%","8.00 ","2.00 ","01:20 ","7,994 ","7.00 ","0.00 ","38% ","14,162 ","0.00 ","0.00 ","3.00 ",1.14,"0.00 ",2,"0.00 ","1.00 ","0.00 ","Doni-21564",0,1
"284",11,0.6364,"5.1%","17.00 ","7.55 ","02:37 ","9,119 ","7.27 ","0.73 ","51% ","18,334 ","2.64 ","3.18 ","6.91 ",2.34,"0.27 ",1.45,"0.55 ","0.45 ","0.55 ","Reinhardt-11780",7,4
"285",15,0.4,"7.7%","19.20 ","7.53 ","02:30 ","11,985 ","9.53 ","0.73 ","46% ","22,049 ","3.20 ","3.40 ","6.40 ",2.01,"0.53 ",2.47,"0.87 ","0.93 ","0.60 ","Reinhardt-11780",6,9
"286",1,1,"4.0%","28.00 ","10.00 ","03:07 ","13,139 ","11.00 ","0.00 ","46% ","29,805 ","3.00 ","4.00 ","11.00 ",2.55,"1.00 ",2,"1.00 ","1.00 ","0.00 ","Reinhardt-11780",1,0
"287",7,0.8571,"12.5%","27.14 ","13.14 ","03:08 ","14,494 ","11.57 ","0.14 ","49% ","19,744 ","3.86 ","4.43 ","10.43 ",2.35,"0.57 ",2.71,"1.29 ","1.14 ","0.29 ","Reinhardt-11780",6,1
"288",13,0.8333,"10.0%","24.62 ","11.92 ","02:39 ","13,576 ","10.23 ","0.85 ","46% ","20,796 ","4.00 ","5.46 ","7.77 ",2.41,"0.31 ",2.08,"0.54 ","1.00 ","0.62 ","Reinhardt-11780",11,2
"289",17,0.6875,"9.9%","22.82 ","7.88 ","02:07 ","11,405 ","10.18 ","0.82 ","51% ","16,105 ","4.00 ","5.65 ","7.59 ",2.24,"0.35 ",2.35,"0.94 ","0.59 ","0.88 ","Reinhardt-11780",12,5
"290",9,0.6667,"8.8%","18.78 ","7.89 ","01:47 ","10,883 ","9.22 ","1.00 ","55% ","17,558 ","2.89 ","4.78 ","7.56 ",2.04,"0.67 ",2.56,"0.67 ","0.67 ","1.22 ","Reinhardt-11780",6,3
"291",12,0.6667,"6.5%","21.08 ","7.25 ","02:13 ","12,724 ","9.75 ","0.50 ","43% ","19,136 ","3.25 ","3.83 ","8.42 ",2.16,"0.25 ",2.5,"0.67 ","1.08 ","0.92 ","Jonni3boy-1582",8,4
"292",2,0.5,"1.7%","15.50 ","6.50 ","00:58 ","7,774 ","6.50 ","0.50 ","42% ","11,341 ","3.50 ","4.50 ","6.50 ",2.38,"0.00 ",3,"1.00 ","0.00 ","1.50 ","Jonni3boy-1582",1,1
"293",5,0.8,"20.6%","33.20 ","15.00 ","03:31 ","17,000 ","10.00 ","0.20 ","43% ","20,144 ","4.20 ","7.20 ","12.80 ",3.32,"0.80 ",4.2,"1.40 ","1.40 ","1.40 ","Jonni3boy-1582",4,1
"294",2,0.5,"20.6%","34.00 ","16.50 ","03:33 ","17,462 ","9.50 ","0.50 ","49% ","17,744 ","6.50 ","7.50 ","11.00 ",3.58,"0.50 ",4,"3.00 ","1.00 ","0.50 ","Jonni3boy-1582",1,1
"295",14,0.7143,"8.6%","21.21 ","7.79 ","02:30 ","11,653 ","8.07 ","0.86 ","47% ","14,386 ","3.43 ","5.07 ","7.71 ",2.63,"0.50 ",2.64,"1.14 ","0.79 ","0.64 ","Jonni3boy-1582",10,4
"296",7,0.1429,"7.0%","16.14 ","6.86 ","02:01 ","10,438 ","8.71 ","0.29 ","47% ","17,289 ","3.00 ","3.57 ","7.29 ",1.85,"0.14 ",2.29,"0.71 ","0.57 ","1.00 ","Jonni3boy-1582",1,6
"297",6,0.6,"11.0%","24.17 ","6.33 ","01:52 ","14,597 ","9.00 ","0.33 ","52% ","21,750 ","3.83 ","6.33 ","10.33 ",2.69,"0.33 ",3,"1.33 ","0.83 ","1.00 ","Reinforce",4,2
"298",3,0.6667,"2.5%","17.33 ","5.67 ","01:45 ","13,171 ","8.00 ","0.67 ","31% ","22,081 ","2.67 ","4.67 ","4.67 ",2.17,"0.33 ",2.67,"1.00 ","1.33 ","0.67 ","Reinforce",2,1
"299",5,0.75,"13.1%","19.60 ","10.20 ","02:16 ","13,772 ","7.20 ","0.20 ","55% ","22,854 ","3.20 ","4.40 ","8.60 ",2.72,"0.20 ",2.8,"1.40 ","0.20 ","1.00 ","Reinforce",4,1
"300",5,0.2,"10.5%","26.80 ","8.60 ","02:58 ","17,283 ","12.00 ","0.20 ","38% ","26,524 ","4.80 ","5.00 ","10.40 ",2.23,"0.40 ",3.6,"1.20 ","1.60 ","0.80 ","Reinforce",1,4
"301",7,0.4286,"9.8%","16.86 ","6.14 ","01:44 ","12,010 ","8.14 ","0.14 ","53% ","17,669 ","3.86 ","3.43 ","5.86 ",2.07,"0.29 ",2.57,"0.86 ","0.43 ","1.29 ","Reinforce",3,4
"302",10,0.8,"11.4%","22.00 ","9.00 ","02:29 ","13,024 ","6.20 ","0.50 ","43% ","21,468 ","3.90 ","6.00 ","9.50 ",3.55,"0.70 ",3.1,"1.20 ","0.80 ","1.00 ","Reinforce",8,2
"303",4,0.5,"13.9%","24.50 ","12.00 ","03:04 ","17,956 ","10.75 ","0.25 ","39% ","31,082 ","2.75 ","4.75 ","9.00 ",2.28,"0.50 ",4,"0.75 ","2.75 ","0.75 ","Frost-21429",2,2
"304",5,0.6,"20.2%","22.80 ","7.40 ","01:59 ","13,855 ","6.20 ","0.00 ","39% ","17,773 ","2.20 ","3.60 ","8.80 ",3.68,"0.40 ",3.2,"1.40 ","1.20 ","0.40 ","Frost-21429",3,2
"305",3,0.6667,"10.8%","34.33 ","19.67 ","05:45 ","24,751 ","16.67 ","0.00 ","43% ","42,454 ","4.00 ","11.00 ","13.67 ",2.06,"0.67 ",3.33,"1.00 ","1.67 ","1.00 ","Frost-21429",2,1
"306",5,0.8,"15.6%","25.80 ","15.00 ","02:42 ","15,605 ","7.80 ","0.40 ","40% ","20,708 ","3.20 ","5.60 ","12.20 ",3.31,"0.20 ",2.8,"0.80 ","1.40 ","0.40 ","Frost-21429",4,1
"307",3,0,"20.6%","23.67 ","11.00 ","02:55 ","20,641 ","13.00 ","0.33 ","41% ","28,459 ","1.33 ","9.67 ","11.33 ",1.82,"0.33 ",4,"2.00 ","1.33 ","1.00 ","Frost-21429",0,3
"308",4,0.5,"2.7%","19.50 ","10.50 ","03:37 ","16,739 ","10.00 ","0.25 ","46% ","28,752 ","2.25 ","4.75 ","10.25 ",1.95,"0.75 ",3.75,"1.75 ","0.75 ","1.00 ","Frost-21429",2,2
"309",5,0.25,"9.9%","21.20 ","8.00 ","02:08 ","13,619 ","13.00 ","0.40 ","45% ","17,740 ","3.20 ","3.20 ","8.80 ",1.63,"0.00 ",2.4,"1.20 ","0.60 ","0.60 ","phaqlow-1737",1,4
"310",13,0.6154,"19.1%","27.77 ","11.15 ","02:01 ","17,589 ","10.46 ","0.54 ","43% ","19,947 ","3.31 ","6.85 ","11.54 ",2.65,"0.77 ",3,"1.31 ","0.77 ","0.92 ","Prime-22787",8,5
"311",8,0.25,"7.0%","19.12 ","7.38 ","02:13 ","11,090 ","10.00 ","0.12 ","43% ","19,065 ","2.38 ","4.12 ","8.62 ",1.91,"0.62 ",2.75,"0.88 ","1.00 ","0.75 ","Prime-22787",2,6
"312",4,1,"7.4%","31.00 ","12.00 ","02:44 ","19,518 ","10.00 ","0.50 ","45% ","26,560 ","6.50 ","6.50 ","14.00 ",3.1,"0.25 ",3.25,"1.00 ","1.00 ","1.25 ","Prime-22787",4,0
"313",4,0.5,"14.4%","27.00 ","10.25 ","02:50 ","15,473 ","7.75 ","1.00 ","44% ","22,370 ","3.75 ","3.50 ","12.25 ",3.48,"1.00 ",3.5,"0.75 ","1.75 ","1.25 ","Prime-22787",2,2
"314",6,0.8333,"14.8%","21.67 ","7.33 ","01:30 ","13,897 ","9.67 ","0.00 ","47% ","17,464 ","3.17 ","3.50 ","9.17 ",2.24,"0.33 ",3.17,"1.50 ","0.83 ","1.00 ","Prime-22787",5,1
"315",1,0,"0.0%","7.00 ","3.00 ","00:41 ","3,575 ","4.00 ","0.00 ","0% ","6,926 ","0.00 ","2.00 ","1.00 ",1.75,"0.00 ",1,"0.00 ","0.00 ","0.00 ","BigShatter-21801",0,1
"316",4,0.75,"9.1%","20.00 ","7.50 ","03:03 ","17,669 ","10.00 ","0.00 ","40% ","20,303 ","3.50 ","4.75 ","8.00 ",2,"0.25 ",3.5,"1.00 ","1.50 ","1.50 ","BigShatter-21801",3,1
"317",4,1,"10.3%","20.00 ","8.50 ","02:07 ","11,315 ","7.00 ","0.25 ","46% ","19,874 ","1.75 ","4.00 ","6.75 ",2.86,"0.25 ",2.75,"0.75 ","0.75 ","0.75 ","BigShatter-21801",4,0
"318",7,0.4286,"9.4%","18.14 ","7.57 ","01:58 ","12,206 ","10.57 ","0.43 ","49% ","20,876 ","2.57 ","3.71 ","6.00 ",1.72,"0.14 ",2.43,"1.00 ","0.71 ","1.00 ","BigShatter-21801",3,4
"319",4,1,"10.0%","30.75 ","14.50 ","03:27 ","16,412 ","9.75 ","0.75 ","33% ","22,909 ","1.25 ","6.25 ","11.75 ",3.15,"0.75 ",3.25,"0.50 ","1.25 ","1.00 ","BigShatter-21801",4,0
"320",7,0.7143,"6.0%","18.29 ","7.43 ","02:46 ","12,311 ","8.71 ","0.57 ","45% ","15,768 ","1.86 ","3.71 ","5.71 ",2.1,"0.43 ",2.71,"1.43 ","0.71 ","0.71 ","BigShatter-21801",5,2
"321",2,0.5,"2.3%","25.00 ","7.50 ","04:23 ","18,854 ","11.00 ","1.00 ","44% ","24,842 ","5.00 ","4.50 ","9.00 ",2.27,"0.00 ",2,"0.50 ","0.50 ","0.50 ","Noserino-2137",1,1
"322",5,0.4,"15.5%","23.60 ","10.80 ","02:39 ","14,062 ","9.80 ","0.60 ","41% ","22,281 ","3.60 ","5.20 ","8.80 ",2.41,"0.40 ",3.2,"0.60 ","2.00 ","0.80 ","Noserino-2137",2,3
"323",11,0.9091,"9.8%","26.55 ","11.27 ","02:42 ","16,047 ","9.91 ","0.36 ","41% ","20,964 ","3.82 ","4.36 ","10.36 ",2.68,"0.27 ",2.45,"0.82 ","0.73 ","0.91 ","Noserino-2137",10,1
"324",5,0.75,"10.3%","22.60 ","7.20 ","02:15 ","14,827 ","10.00 ","0.60 ","44% ","18,660 ","2.40 ","5.00 ","10.20 ",2.26,"0.40 ",3.2,"1.00 ","1.60 ","0.60 ","Noserino-2137",4,1
"325",8,0.5,"4.6%","15.50 ","6.88 ","02:01 ","11,461 ","10.38 ","0.12 ","40% ","14,821 ","2.38 ","2.38 ","6.62 ",1.49,"0.50 ",2.62,"0.75 ","0.75 ","1.12 ","Noserino-2137",4,4
"326",3,0.3333,"8.1%","16.00 ","6.00 ","01:17 ","11,677 ","9.67 ","0.00 ","31% ","15,373 ","3.00 ","3.67 ","5.67 ",1.66,"0.00 ",2,"0.67 ","0.67 ","0.67 ","Noserino-2137",1,2
"327",15,0.5333,"22.5%","27.13 ","11.33 ","02:38 ","18,488 ","9.13 ","0.20 ","33% ","25,549 ","3.73 ","6.87 ","11.00 ",2.97,"0.20 ",3.53,"1.33 ","1.33 ","0.93 ","BonoBono-11901",8,7
"328",13,0.6154,"12.7%","22.69 ","8.00 ","01:45 ","14,403 ","7.15 ","0.15 ","43% ","22,342 ","3.54 ","4.85 ","9.15 ",3.17,"0.46 ",2.46,"0.46 ","1.00 ","0.92 ","BonoBono-11901",8,5
"329",8,0.5,"12.2%","22.25 ","5.88 ","02:00 ","17,471 ","10.12 ","0.38 ","44% ","22,536 ","3.62 ","4.50 ","8.50 ",2.2,"0.12 ",2.88,"0.75 ","1.50 ","0.50 ","BonoBono-11901",4,4
"330",2,0,"16.8%","24.00 ","9.00 ","04:58 ","15,387 ","8.00 ","0.50 ","52% ","18,817 ","3.00 ","3.50 ","9.50 ",3,"0.00 ",2.5,"1.00 ","1.00 ","1.00 ","BonoBono-11901",0,2
"331",3,0.3333,"19.8%","25.33 ","10.67 ","02:47 ","16,208 ","8.00 ","0.33 ","46% ","22,245 ","3.67 ","7.00 ","9.33 ",3.17,"0.33 ",4.33,"2.33 ","0.33 ","1.33 ","BonoBono-11901",1,2
"332",7,0.7143,"20.6%","25.57 ","9.00 ","02:04 ","17,118 ","5.43 ","0.00 ","41% ","17,706 ","2.71 ","5.43 ","10.57 ",4.71,"0.00 ",2.86,"1.29 ","1.29 ","0.43 ","BonoBono-11901",5,2
"333",3,1,"5.1%","24.67 ","11.33 ","03:27 ","12,346 ","5.33 ","0.00 ","32% ","20,130 ","1.67 ","5.00 ","10.33 ",4.62,"0.33 ",1.67,"0.67 ","0.67 ","0.33 ","ChronOwO-1704",3,0
"334",1,0,"0.0%","19.00 ","4.00 ","02:00 ","11,558 ","9.00 ","0.00 ","58% ","17,385 ","4.00 ","1.00 ","6.00 ",2.11,"0.00 ",2,"0.00 ","1.00 ","0.00 ","ChronOwO-1704",0,1
"335",11,0.6,"13.7%","27.18 ","9.45 ","02:59 ","17,238 ","10.18 ","0.09 ","40% ","28,221 ","3.45 ","5.09 ","10.55 ",2.67,"0.55 ",2.64,"0.64 ","1.18 ","0.82 ","ChronOwO-1704",7,4
"336",2,1,"6.2%","32.00 ","12.50 ","03:16 ","19,605 ","9.50 ","0.00 ","42% ","30,963 ","5.50 ","4.00 ","10.50 ",3.37,"0.00 ",4.5,"2.00 ","0.50 ","2.00 ","ChronOwO-1704",2,0
"337",4,0.5,"15.9%","29.00 ","10.25 ","02:25 ","15,421 ","8.50 ","0.00 ","49% ","18,343 ","2.75 ","8.00 ","11.25 ",3.41,"0.25 ",3.25,"0.75 ","1.75 ","1.00 ","ChronOwO-1704",2,2
"338",6,0.3333,"10.8%","27.83 ","9.00 ","03:02 ","16,592 ","10.00 ","0.50 ","44% ","21,266 ","2.67 ","6.83 ","10.83 ",2.78,"0.50 ",3.17,"1.00 ","0.83 ","1.33 ","ChronOwO-1704",2,4
"339",10,0.6667,"5.9%","20.10 ","7.10 ","02:06 ","13,767 ","9.30 ","0.30 ","40% ","21,396 ","2.30 ","3.00 ","6.80 ",2.16,"0.50 ",3,"1.10 ","0.80 ","1.10 ","Lycanthrope-11146",7,3
"340",4,0.25,"14.0%","15.25 ","3.00 ","00:38 ","10,144 ","9.00 ","0.00 ","31% ","14,753 ","1.50 ","4.00 ","6.50 ",1.69,"0.00 ",2.5,"0.50 ","0.25 ","1.75 ","Lycanthrope-11146",1,3
"341",6,0.5,"6.1%","17.33 ","7.33 ","01:53 ","13,460 ","10.00 ","0.33 ","44% ","15,105 ","1.17 ","3.17 ","5.17 ",1.73,"0.00 ",2,"0.83 ","0.50 ","0.83 ","Lycanthrope-11146",3,3
"342",2,1,"11.8%","26.00 ","6.00 ","02:42 ","13,372 ","10.50 ","0.00 ","37% ","22,730 ","3.00 ","9.00 ","6.50 ",2.48,"0.50 ",2.5,"0.50 ","0.00 ","1.50 ","Lycanthrope-11146",2,0
"343",2,1,"3.9%","22.00 ","8.50 ","02:11 ","13,422 ","9.00 ","0.50 ","32% ","23,242 ","1.50 ","7.50 ","7.00 ",2.44,"1.00 ",3.5,"2.00 ","0.00 ","1.00 ","Lycanthrope-11146",2,0
"344",1,1,"14.0%","29.00 ","14.00 ","03:38 ","19,147 ","9.00 ","0.00 ","41% ","21,841 ","3.00 ","9.00 ","11.00 ",3.22,"0.00 ",4,"2.00 ","0.00 ","2.00 ","Lycanthrope-11146",1,0
"345",25,0.5,"7.6%","20.52 ","8.32 ","02:40 ","13,284 ","11.76 ","0.28 ","41% ","24,034 ","2.44 ","3.68 ","8.92 ",1.74,"0.60 ",2.24,"0.72 ","0.84 ","0.68 ","Kawaii-2136",12,13
"346",6,1,"11.3%","28.00 ","9.83 ","02:44 ","16,685 ","8.83 ","0.67 ","52% ","22,527 ","2.83 ","3.83 ","10.00 ",3.17,"0.33 ",3,"0.67 ","1.50 ","0.67 ","crystaaal-2162",6,0
"347",6,0.6,"27.3%","28.17 ","10.50 ","02:44 ","12,831 ","8.17 ","0.67 ","48% ","16,378 ","3.50 ","6.00 ","10.33 ",3.45,"0.17 ",3.17,"1.17 ","0.83 ","1.00 ","crystaaal-2162",4,2
"348",3,0.3333,"7.0%","23.33 ","6.00 ","01:42 ","13,720 ","11.67 ","0.33 ","40% ","21,634 ","3.33 ","5.00 ","7.67 ",2,"0.33 ",2.67,"1.67 ","1.00 ","0.33 ","crystaaal-2162",1,2
"349",33,0.7188,"12.6%","21.73 ","7.18 ","01:49 ","12,074 ","8.48 ","0.55 ","48% ","17,706 ","2.76 ","5.33 ","7.55 ",2.56,"0.39 ",2.79,"0.88 ","1.15 ","0.76 ","crystaaal-2162",24,9
"350",7,0.2857,"9.8%","18.57 ","5.71 ","01:48 ","11,576 ","10.14 ","0.43 ","48% ","15,881 ","2.86 ","4.29 ","6.14 ",1.83,"0.29 ",2,"0.71 ","0.29 ","1.00 ","crystaaal-2162",2,5
"351",3,0.3333,"11.8%","24.00 ","7.00 ","01:53 ","16,243 ","14.33 ","0.33 ","49% ","27,065 ","3.00 ","3.00 ","9.00 ",1.67,"0.67 ",3.33,"1.00 ","0.67 ","1.33 ","crystaaal-2162",1,2
"352",1,1,"13.7%","29.00 ","13.00 ","02:41 ","13,884 ","6.00 ","1.00 ","55% ","15,101 ","5.00 ","6.00 ","10.00 ",4.83,"1.00 ",3,"1.00 ","1.00 ","1.00 ","Sleeper-11889",1,0
"353",1,1,"0.6%","36.00 ","11.00 ","05:25 ","27,405 ","17.00 ","1.00 ","22% ","43,904 ","5.00 ","11.00 ","16.00 ",2.12,"0.00 ",3,"2.00 ","1.00 ","0.00 ","Sleeper-11889",1,0
"354",1,1,"0.0%","7.00 ","4.00 ","02:25 ","5,967 ","4.00 ","0.00 ","14% ","9,513 ","0.00 ","1.00 ","6.00 ",1.75,"0.00 ",2,"0.00 ","1.00 ","1.00 ","Sleeper-11889",1,0
"355",9,0.375,"15.2%","27.44 ","11.44 ","03:16 ","19,048 ","12.00 ","0.67 ","49% ","25,675 ","4.22 ","5.33 ","11.56 ",2.29,"0.22 ",3,"1.44 ","0.89 ","0.67 ","Sleeper-11889",3,6
"356",2,1,"13.9%","38.00 ","17.50 ","05:34 ","27,518 ","13.50 ","0.00 ","46% ","33,770 ","4.50 ","7.00 ","15.00 ",2.81,"1.00 ",5,"3.50 ","1.50 ","0.50 ","Sleeper-11889",2,0
"357",4,0.5,"18.0%","24.25 ","10.75 ","02:34 ","15,620 ","10.25 ","0.00 ","45% ","27,589 ","4.25 ","4.00 ","9.00 ",2.37,"0.75 ",2.5,"0.50 ","1.00 ","0.75 ","Sleeper-11889",2,2
"358",2,0.5,"10.4%","22.00 ","10.50 ","02:03 ","16,772 ","9.50 ","0.50 ","59% ","23,000 ","4.00 ","3.00 ","11.50 ",2.32,"0.50 ",3.5,"0.50 ","1.50 ","2.00 ","Dinkelhuber-2182",1,1
"359",4,0.25,"4.3%","17.25 ","5.25 ","02:36 ","14,317 ","10.00 ","1.00 ","43% ","23,212 ","2.50 ","2.75 ","6.75 ",1.73,"0.75 ",2.5,"1.75 ","0.00 ","0.50 ","Dinkelhuber-2182",1,3
"360",1,1,"7.1%","34.00 ","11.00 ","01:46 ","21,534 ","11.00 ","0.00 ","32% ","23,633 ","2.00 ","5.00 ","16.00 ",3.09,"0.00 ",2,"1.00 ","1.00 ","1.00 ","Dinkelhuber-2182",1,0
"361",5,0.6,"11.8%","24.00 ","10.20 ","02:37 ","13,682 ","8.20 ","0.80 ","42% ","19,069 ","3.60 ","3.40 ","8.20 ",2.93,"0.40 ",3,"1.20 ","1.20 ","0.40 ","Dinkelhuber-2182",3,2
"362",7,0.5714,"19.2%","22.86 ","10.00 ","01:52 ","13,176 ","8.14 ","0.43 ","40% ","19,934 ","3.57 ","3.57 ","8.57 ",2.81,"0.29 ",3,"1.00 ","1.14 ","1.00 ","Dinkelhuber-2182",4,3
"363",7,0.5714,"12.5%","21.29 ","9.14 ","02:38 ","14,726 ","9.43 ","0.29 ","44% ","20,956 ","1.71 ","5.86 ","7.43 ",2.26,"0.43 ",3.14,"0.57 ","1.43 ","1.14 ","Cheddar010-1413",4,3
"364",6,1,"8.2%","32.00 ","16.17 ","04:41 ","25,326 ","12.33 ","0.50 ","41% ","29,967 ","3.17 ","5.17 ","11.67 ",2.59,"0.50 ",3.67,"1.00 ","1.17 ","1.50 ","Cheddar010-1413",6,0
"365",10,0.6,"15.8%","23.80 ","9.00 ","02:13 ","14,820 ","8.20 ","0.30 ","49% ","18,078 ","1.90 ","5.00 ","8.80 ",2.9,"0.30 ",3.2,"0.90 ","1.10 ","1.10 ","Cheddar010-1413",6,4
"366",3,0.3333,"24.3%","45.67 ","18.00 ","05:35 ","26,064 ","11.67 ","0.33 ","36% ","32,860 ","2.00 ","9.33 ","19.67 ",3.91,"0.00 ",3.33,"1.00 ","1.67 ","1.00 ","Cheddar010-1413",1,2
"367",5,0.8,"9.3%","20.80 ","7.40 ","01:58 ","14,924 ","9.60 ","0.40 ","44% ","21,360 ","0.60 ","5.60 ","9.00 ",2.17,"0.60 ",2.4,"0.60 ","0.60 ","1.20 ","Cheddar010-1413",4,1
"368",4,0.25,"6.0%","14.25 ","4.25 ","02:01 ","10,512 ","6.25 ","0.25 ","49% ","15,080 ","1.25 ","3.50 ","5.00 ",2.28,"0.25 ",3.25,"1.75 ","0.75 ","0.75 ","Cheddar010-1413",1,3
"369",1,0,"20.5%","9.00 ","5.00 ","00:56 ","7,289 ","7.00 ","0.00 ","67% ","11,615 ","2.00 ","1.00 ","5.00 ",1.29,"0.00 ",1,"0.00 ","0.00 ","0.00 ","super",0,1
"370",7,0.4286,"14.2%","23.43 ","10.57 ","03:40 ","19,506 ","10.43 ","0.14 ","53% ","22,069 ","2.71 ","4.71 ","9.86 ",2.25,"0.57 ",3.43,"1.14 ","1.43 ","0.86 ","super",3,4
"371",3,0.6667,"13.3%","25.00 ","7.67 ","01:46 ","15,225 ","6.00 ","0.00 ","41% ","16,037 ","2.33 ","5.67 ","8.33 ",4.17,"0.67 ",3.67,"1.33 ","1.33 ","1.00 ","super",2,1
"372",2,1,"31.8%","31.00 ","14.50 ","03:15 ","20,436 ","6.50 ","0.00 ","42% ","15,513 ","3.00 ","8.00 ","14.00 ",4.77,"0.50 ",3.5,"0.50 ","0.50 ","2.50 ","super",2,0
"373",1,1,"28.0%","60.00 ","36.00 ","08:08 ","30,864 ","18.00 ","0.00 ","55% ","26,740 ","5.00 ","12.00 ","19.00 ",3.33,"1.00 ",5,"3.00 ","0.00 ","1.00 ","super",1,0
"374",7,0.7143,"20.6%","27.86 ","11.14 ","01:57 ","16,338 ","6.43 ","0.57 ","47% ","13,425 ","2.57 ","7.00 ","11.29 ",4.33,"0.57 ",3.71,"1.71 ","1.57 ","0.43 ","super",5,2
"375",9,0.625,"12.8%","24.44 ","9.78 ","02:25 ","14,297 ","11.11 ","0.67 ","48% ","23,332 ","3.11 ","5.78 ","6.78 ",2.2,"0.56 ",3.33,"0.78 ","1.56 ","1.00 ","Monky-11915",6,3
"376",10,0.6,"8.5%","21.40 ","10.10 ","01:40 ","12,755 ","7.70 ","0.20 ","48% ","17,152 ","1.60 ","3.70 ","6.80 ",2.78,"0.60 ",2.8,"1.50 ","0.70 ","0.60 ","Monky-11915",6,4
"377",6,0.6667,"9.8%","28.17 ","11.33 ","03:08 ","17,467 ","9.33 ","0.83 ","44% ","26,006 ","4.17 ","6.00 ","8.33 ",3.02,"1.00 ",2.83,"1.17 ","0.50 ","1.17 ","Monky-11915",4,2
"378",7,0.6667,"19.8%","22.00 ","9.86 ","01:33 ","11,016 ","7.00 ","0.43 ","41% ","19,184 ","2.57 ","3.71 ","7.14 ",3.14,"0.57 ",3.14,"1.14 ","1.00 ","1.00 ","Monky-11915",5,2
"379",7,0.5,"8.7%","27.57 ","13.57 ","03:37 ","18,719 ","11.00 ","0.43 ","47% ","30,138 ","3.00 ","6.43 ","8.43 ",2.51,"0.57 ",3.29,"1.57 ","0.86 ","0.86 ","Monky-11915",4,3
"380",1,0,"12.5%","14.00 ","4.00 ","04:41 ","12,904 ","16.00 ","2.00 ","50% ","23,494 ","1.00 ","3.00 ","1.00 ",0.88,"1.00 ",1,"1.00 ","0.00 ","0.00 ","Monky-11915",0,1
"381",3,1,"7.6%","25.33 ","13.00 ","02:25 ","13,781 ","9.00 ","0.67 ","37% ","19,104 ","1.67 ","5.67 ","7.33 ",2.81,"0.33 ",2.67,"0.67 ","1.67 ","0.33 ","Monky-11915",3,0
"382",1,1,"13.9%","25.00 ","13.00 ","03:53 ","14,858 ","6.00 ","0.00 ","52% ","21,106 ","5.00 ","5.00 ","7.00 ",4.17,"0.00 ",2,"1.00 ","0.00 ","1.00 ","RMEMBR-1388",1,0
"383",2,1,"11.9%","21.00 ","9.00 ","03:09 ","14,454 ","6.00 ","0.50 ","45% ","16,100 ","3.00 ","4.50 ","7.50 ",3.5,"0.50 ",3.5,"1.50 ","1.00 ","0.50 ","RMEMBR-1388",2,0
"384",9,0.7778,"8.9%","24.00 ","12.22 ","02:45 ","15,376 ","9.44 ","0.67 ","50% ","19,487 ","4.11 ","4.67 ","8.00 ",2.54,"0.33 ",3.22,"1.56 ","1.00 ","0.78 ","RMEMBR-1388",7,2
"385",2,0,"5.6%","16.50 ","10.50 ","03:22 ","10,596 ","4.50 ","0.00 ","39% ","15,812 ","0.50 ","4.50 ","6.00 ",3.67,"0.50 ",2.5,"0.50 ","1.00 ","0.50 ","RMEMBR-1388",0,2
"386",1,0,"7.4%","10.00 ","4.00 ","00:43 ","16,135 ","10.00 ","0.00 ","60% ","19,221 ","3.00 ","3.00 ","3.00 ",1,"1.00 ",2,"1.00 ","0.00 ","1.00 ","RMEMBR-1388",0,1
"387",1,0,"19.7%","40.00 ","24.00 ","06:23 ","23,237 ","14.00 ","0.00 ","40% ","23,921 ","7.00 ","12.00 ","10.00 ",2.86,"1.00 ",5,"4.00 ","1.00 ","0.00 ","RMEMBR-1388",0,1
"388",4,0.5,"5.1%","23.50 ","10.75 ","02:43 ","15,962 ","12.50 ","0.25 ","45% ","22,744 ","2.75 ","4.50 ","9.75 ",1.88,"0.25 ",2.75,"0.75 ","1.25 ","0.50 ","Userwet-1852",2,2
"389",1,1,"12.2%","48.00 ","29.00 ","05:35 ","33,638 ","16.00 ","0.00 ","31% ","46,538 ","5.00 ","9.00 ","25.00 ",3,"0.00 ",4,"1.00 ","3.00 ","1.00 ","Userwet-1852",1,0
"390",3,0.6667,"10.4%","26.33 ","10.67 ","03:42 ","16,545 ","12.67 ","0.33 ","39% ","29,450 ","2.67 ","6.33 ","12.67 ",2.08,"1.00 ",3,"1.00 ","0.67 ","1.00 ","Userwet-1852",2,1
"391",3,0.6667,"13.3%","19.67 ","6.00 ","00:51 ","10,247 ","5.00 ","0.00 ","42% ","11,290 ","2.67 ","2.67 ","7.33 ",3.93,"0.33 ",2,"1.00 ","0.67 ","0.33 ","Userwet-1852",2,1
"392",6,0.6667,"8.2%","24.83 ","9.50 ","02:47 ","16,717 ","9.17 ","0.00 ","44% ","22,021 ","3.50 ","3.67 ","11.00 ",2.71,"0.33 ",3,"1.17 ","1.17 ","0.67 ","Userwet-1852",4,2
"393",11,0.6,"12.6%","24.00 ","10.55 ","02:44 ","14,467 ","10.64 ","0.36 ","48% ","19,641 ","3.82 ","4.27 ","8.73 ",2.26,"0.36 ",2.64,"0.82 ","0.82 ","1.00 ","Userwet-1852",7,4
"394",1,0,"13.3%","16.00 ","8.00 ","02:05 ","9,208 ","8.00 ","0.00 ","50% ","9,801 ","3.00 ","7.00 ","7.00 ",2,"0.00 ",2,"1.00 ","0.00 ","0.00 ","Shock-2746",0,1
"395",2,0.5,"30.8%","27.50 ","14.50 ","03:35 ","21,260 ","9.00 ","0.50 ","44% ","17,326 ","1.00 ","5.00 ","5.50 ",3.06,"0.00 ",2,"0.50 ","0.50 ","1.50 ","Shock-2746",1,1
"396",2,1,"16.3%","25.00 ","13.00 ","03:10 ","14,896 ","7.00 ","0.00 ","48% ","23,526 ","3.50 ","5.00 ","9.50 ",3.57,"1.00 ",3.5,"1.00 ","2.00 ","1.00 ","Shock-2746",2,0
"397",3,0.3333,"14.9%","16.33 ","7.00 ","01:46 ","13,878 ","9.67 ","0.00 ","43% ","15,947 ","2.00 ","4.33 ","7.67 ",1.69,"0.00 ",2.67,"1.00 ","1.33 ","0.00 ","Shock-2746",1,2
"398",1,1,"32.3%","25.00 ","3.00 ","00:29 ","14,275 ","4.00 ","0.00 ","44% ","10,928 ","3.00 ","4.00 ","9.00 ",6.25,"0.00 ",3,"2.00 ","0.00 ","1.00 ","Shock-2746",1,0
"399",1,1,"3.0%","44.00 ","22.00 ","05:29 ","22,391 ","14.00 ","1.00 ","23% ","27,811 ","2.00 ","8.00 ","19.00 ",3.14,"0.00 ",5,"1.00 ","2.00 ","2.00 ","Shock-2746",1,0
"400",4,0.25,"1.9%","13.00 ","7.00 ","00:59 ","9,781 ","7.00 ","0.50 ","42% ","13,543 ","1.75 ","3.50 ","4.25 ",1.86,"0.25 ",3,"2.00 ","0.50 ","0.25 ","Savvy-12144",1,3
"401",3,0.6667,"18.5%","24.67 ","13.33 ","04:02 ","15,998 ","8.33 ","0.00 ","42% ","19,669 ","2.67 ","5.67 ","9.33 ",2.96,"0.33 ",2.67,"1.33 ","1.33 ","0.33 ","Savvy-12144",2,1
"402",2,0,"7.2%","18.50 ","8.00 ","04:26 ","15,739 ","11.50 ","1.00 ","59% ","23,344 ","2.00 ","5.00 ","7.50 ",1.61,"0.50 ",4,"3.00 ","1.00 ","0.00 ","Savvy-12144",0,2
"403",2,0.5,"5.6%","14.00 ","3.00 ","01:39 ","8,900 ","10.00 ","0.00 ","46% ","11,512 ","2.00 ","0.50 ","6.50 ",1.4,"0.00 ",3,"1.00 ","1.50 ","1.00 ","Savvy-12144",1,1
"404",3,1,"13.7%","24.33 ","14.33 ","02:20 ","11,708 ","5.33 ","0.33 ","53% ","12,130 ","3.00 ","6.00 ","8.33 ",4.56,"0.67 ",3,"1.00 ","0.67 ","1.33 ","Savvy-12144",3,0
"405",6,0.5,"10.9%","23.67 ","10.00 ","02:16 ","15,795 ","7.33 ","1.50 ","50% ","12,688 ","3.33 ","4.67 ","8.17 ",3.23,"0.17 ",3.17,"1.67 ","0.83 ","0.67 ","Savvy-12144",3,3
"406",9,0.75,"8.4%","26.56 ","8.67 ","02:04 ","14,323 ","10.22 ","0.67 ","54% ","16,973 ","4.11 ","4.56 ","9.78 ",2.6,"0.22 ",2.67,"0.67 ","1.22 ","0.78 ","DAIBu-11507",7,2
"407",6,0.4,"12.0%","23.17 ","8.33 ","02:00 ","14,296 ","9.00 ","0.67 ","42% ","15,913 ","4.33 ","4.67 ","7.17 ",2.57,"0.33 ",2.83,"1.00 ","1.00 ","0.67 ","DAIBu-11507",2,4
"408",13,0.4615,"8.8%","24.85 ","7.00 ","02:23 ","14,644 ","11.69 ","0.62 ","41% ","18,256 ","3.15 ","5.23 ","7.92 ",2.12,"0.23 ",3.38,"0.77 ","1.15 ","1.46 ","DAIBu-11507",6,7
"409",7,0.1429,"9.1%","23.14 ","7.71 ","02:31 ","14,525 ","12.14 ","0.57 ","55% ","19,861 ","3.86 ","4.57 ","8.71 ",1.91,"0.14 ",2.43,"1.14 ","1.00 ","0.43 ","DAIBu-11507",1,6
"410",7,0.7143,"20.6%","31.29 ","12.86 ","01:55 ","15,336 ","10.29 ","1.14 ","50% ","18,222 ","5.57 ","7.57 ","10.71 ",3.04,"0.57 ",3.29,"1.57 ","1.00 ","0.86 ","DAIBu-11507",5,2
"411",4,0.5,"12.3%","23.50 ","7.50 ","00:57 ","12,760 ","9.75 ","0.25 ","46% ","15,617 ","4.25 ","4.25 ","7.75 ",2.41,"0.50 ",2.75,"1.00 ","1.50 ","0.25 ","DAIBu-11507",2,2
"412",29,0.5862,"8.1%","23.72 ","9.14 ","02:19 ","14,071 ","9.17 ","0.59 ","45% ","19,794 ","3.07 ","5.21 ","10.14 ",2.59,"0.41 ",2.93,"0.90 ","0.97 ","1.07 ","Bowie-11926",17,12
"413",4,0.25,"14.3%","17.75 ","8.25 ","02:12 ","12,848 ","9.00 ","0.25 ","45% ","19,857 ","1.75 ","3.75 ","6.00 ",1.97,"0.25 ",3.25,"2.00 ","0.75 ","0.50 ","Bowie-11926",1,3
"414",5,0.4,"10.7%","21.60 ","13.60 ","04:04 ","16,918 ","12.00 ","0.80 ","41% ","24,978 ","1.80 ","6.60 ","9.60 ",1.8,"0.20 ",2.8,"1.00 ","1.60 ","0.40 ","Bowie-11926",2,3
"415",8,0.625,"9.4%","23.25 ","8.50 ","02:15 ","15,513 ","7.75 ","0.50 ","41% ","19,243 ","2.88 ","5.00 ","12.12 ",3,"0.62 ",3.38,"1.25 ","0.88 ","1.12 ","Bowie-11926",5,3
"416",8,0.75,"6.3%","21.12 ","7.88 ","01:47 ","12,142 ","7.88 ","1.38 ","46% ","16,170 ","3.62 ","4.62 ","8.38 ",2.68,"0.75 ",3.25,"0.88 ","0.75 ","1.50 ","Bowie-11926",6,2
"417",1,0,"0.0%","3.00 ","1.00 ","00:14 ","2,772 ","2.00 ","0.00 ","100% ","3,020 ","2.00 ","2.00 ","1.00 ",1.5,"0.00 ",1,"1.00 ","1.00 ","0.00 ","Bowie-11926",0,1
"418",7,0.5714,"18.1%","25.71 ","9.43 ","02:08 ","17,609 ","11.14 ","0.14 ","45% ","19,384 ","2.86 ","6.86 ","11.57 ",2.31,"0.57 ",2.86,"1.00 ","1.14 ","0.71 ","Bowie-11926",4,3
"419",8,0.7143,"9.8%","24.88 ","10.00 ","02:03 ","16,874 ","6.25 ","0.38 ","44% ","18,123 ","3.62 ","4.38 ","10.75 ",3.98,"0.38 ",2.62,"0.88 ","1.12 ","0.62 ","Core-21128",6,2
"420",1,1,"22.4%","39.00 ","14.00 ","04:13 ","21,835 ","12.00 ","1.00 ","38% ","25,217 ","3.00 ","8.00 ","15.00 ",3.25,"1.00 ",5,"3.00 ","2.00 ","1.00 ","Core-21128",1,0
"421",8,0.5,"3.8%","21.88 ","7.88 ","01:42 ","11,992 ","7.50 ","0.12 ","37% ","13,966 ","2.12 ","4.00 ","7.50 ",2.92,"0.25 ",2.12,"0.50 ","0.62 ","0.88 ","Core-21128",4,4
"422",4,0.5,"12.7%","14.50 ","3.75 ","01:20 ","12,454 ","6.75 ","0.25 ","53% ","16,423 ","2.25 ","4.50 ","6.00 ",2.15,"0.25 ",2.25,"1.25 ","0.75 ","0.50 ","Core-21128",2,2
"423",5,0.4,"7.0%","22.80 ","8.80 ","01:57 ","13,209 ","8.40 ","0.80 ","33% ","23,929 ","1.20 ","3.40 ","8.80 ",2.71,"0.40 ",2.2,"0.60 ","0.60 ","1.00 ","Core-21128",2,3
"424",1,1,"15.1%","42.00 ","21.00 ","08:16 ","31,280 ","14.00 ","1.00 ","40% ","20,293 ","8.00 ","7.00 ","15.00 ",3,"1.00 ",4,"1.00 ","3.00 ","0.00 ","Lamavere-1383",1,0
"425",2,0.5,"11.0%","13.50 ","6.00 ","02:33 ","9,756 ","8.50 ","0.00 ","52% ","14,349 ","1.50 ","4.50 ","4.00 ",1.59,"0.00 ",2.5,"1.00 ","1.00 ","0.50 ","Lamavere-1383",1,1
"426",1,1,"6.3%","11.00 ","7.00 ","02:22 ","6,075 ","6.00 ","0.00 ","64% ","17,176 ","1.00 ","0.00 ","2.00 ",1.83,"1.00 ",2,"2.00 ","1.00 ","0.00 ","Lamavere-1383",1,0
"427",3,0.6667,"16.2%","32.33 ","17.00 ","03:36 ","17,869 ","8.67 ","0.00 ","33% ","28,209 ","3.67 ","6.00 ","9.33 ",3.73,"0.00 ",2.67,"0.67 ","0.33 ","1.33 ","Lamavere-1383",2,1
"428",2,1,"8.8%","26.50 ","10.50 ","02:09 ","15,726 ","6.50 ","1.00 ","49% ","15,846 ","3.50 ","5.50 ","7.50 ",4.08,"0.00 ",2.5,"0.00 ","1.50 ","1.00 ","Lamavere-1383",2,0
"429",4,0.75,"6.1%","26.50 ","10.75 ","02:22 ","16,004 ","8.25 ","0.75 ","42% ","17,240 ","2.25 ","3.75 ","8.00 ",3.21,"0.25 ",3.5,"0.50 ","1.50 ","1.75 ","Lamavere-1383",3,1
"430",4,0.5,"16.6%","23.00 ","5.00 ","01:55 ","14,006 ","9.25 ","0.50 ","42% ","14,627 ","2.50 ","5.75 ","9.25 ",2.49,"0.50 ",2.75,"1.75 ","0.75 ","0.25 ","bogur-2537",2,2
"431",2,1,"13.3%","11.50 ","4.50 ","00:49 ","8,005 ","4.50 ","0.00 ","26% ","13,941 ","1.00 ","4.00 ","6.50 ",2.56,"0.00 ",1.5,"1.00 ","0.00 ","0.50 ","bogur-2537",2,0
"432",3,0.6667,"24.8%","29.33 ","8.67 ","01:52 ","16,470 ","8.33 ","0.00 ","44% ","24,563 ","1.67 ","5.33 ","13.33 ",3.52,"0.33 ",3,"1.00 ","0.67 ","1.33 ","bogur-2537",2,1
"433",1,1,"9.0%","31.00 ","10.00 ","01:06 ","14,352 ","5.00 ","0.00 ","55% ","15,172 ","2.00 ","5.00 ","7.00 ",6.2,"1.00 ",3,"1.00 ","0.00 ","2.00 ","bogur-2537",1,0
"434",12,0.6667,"14.5%","29.58 ","13.17 ","02:37 ","16,817 ","10.58 ","0.17 ","45% ","25,120 ","3.42 ","5.08 ","10.92 ",2.8,"0.42 ",2.58,"0.75 ","1.08 ","0.75 ","bogur-2537",8,4
"435",3,0.3333,"12.5%","20.33 ","4.67 ","01:57 ","14,901 ","13.00 ","0.67 ","51% ","19,653 ","2.67 ","3.33 ","5.67 ",1.56,"0.33 ",2.67,"1.33 ","0.67 ","0.67 ","bogur-2537",1,2
"436",1,1,"0.0%","15.00 ","8.00 ","01:07 ","5,732 ","11.00 ","2.00 ","60% ","20,902 ","1.00 ","3.00 ","8.00 ",1.36,"0.00 ",2,"0.00 ","1.00 ","1.00 ","Bellum-11580",1,0
"437",3,0.3333,"4.8%","20.67 ","7.67 ","03:31 ","14,334 ","14.67 ","1.67 ","44% ","27,449 ","3.00 ","4.67 ","8.33 ",1.41,"1.00 ",3.67,"1.00 ","1.33 ","1.33 ","Bellum-11580",1,2
"438",2,0.5,"5.6%","19.50 ","12.50 ","02:28 ","12,076 ","13.00 ","0.50 ","33% ","16,605 ","2.50 ","2.00 ","7.50 ",1.5,"0.00 ",1,"0.00 ","0.50 ","0.50 ","Bellum-11580",1,1
"439",5,1,"16.0%","29.20 ","8.80 ","02:27 ","16,909 ","11.60 ","1.20 ","51% ","22,131 ","5.00 ","6.20 ","8.20 ",2.52,"0.40 ",3,"0.80 ","1.60 ","0.60 ","Bellum-11580",5,0
"440",3,0.3333,"13.4%","15.67 ","7.67 ","01:18 ","7,444 ","4.67 ","1.67 ","51% ","14,852 ","2.67 ","1.67 ","4.33 ",3.36,"0.00 ",2,"0.67 ","0.67 ","0.67 ","Bellum-11580",1,2
"441",1,0,"0.0%","9.00 ","3.00 ","00:31 ","8,360 ","7.00 ","1.00 ","44% ","8,190 ","1.00 ","0.00 ","5.00 ",1.29,"0.00 ",3,"0.00 ","1.00 ","1.00 ","Bellum-11580",0,1
"442",3,0.3333,"10.9%","16.67 ","6.00 ","01:52 ","17,366 ","10.67 ","0.67 ","42% ","22,275 ","3.00 ","7.00 ","7.33 ",1.56,"0.67 ",3.67,"2.33 ","0.67 ","0.67 ","Muma-11444",1,2
"443",6,0.5,"14.1%","31.50 ","9.50 ","02:17 ","19,496 ","9.50 ","0.67 ","39% ","17,798 ","3.83 ","6.33 ","11.67 ",3.32,"0.00 ",2.83,"0.83 ","1.00 ","0.83 ","Muma-11444",3,3
"444",4,0.5,"4.5%","19.25 ","7.25 ","01:33 ","16,464 ","8.75 ","0.00 ","47% ","23,060 ","2.25 ","5.50 ","8.50 ",2.2,"0.25 ",2.25,"0.75 ","0.75 ","1.25 ","Muma-11444",2,2
"445",9,0.6667,"14.9%","25.33 ","8.44 ","01:28 ","16,177 ","8.22 ","0.33 ","39% ","15,511 ","3.22 ","6.11 ","9.89 ",3.08,"0.22 ",3.11,"0.89 ","1.56 ","0.56 ","Muma-11444",6,3
"446",4,0.3333,"25.2%","33.75 ","17.50 ","04:29 ","20,227 ","10.00 ","0.00 ","36% ","22,772 ","3.75 ","8.25 ","13.00 ",3.38,"1.00 ",3.75,"2.25 ","0.75 ","0.50 ","Muma-11444",1,3
"447",5,0.2,"15.9%","20.40 ","8.00 ","02:08 ","18,503 ","9.80 ","0.00 ","39% ","20,774 ","2.20 ","5.00 ","8.00 ",2.08,"0.20 ",3,"1.80 ","0.80 ","0.80 ","Muma-11444",1,4
"448",7,0.4286,"24.5%","23.14 ","9.00 ","02:52 ","14,195 ","10.29 ","0.57 ","46% ","16,631 ","3.71 ","4.86 ","8.00 ",2.25,"0.71 ",2.71,"1.57 ","0.57 ","0.57 ","Chayne",3,4
"449",5,0.6,"26.1%","21.40 ","8.60 ","01:38 ","11,072 ","6.80 ","0.60 ","44% ","11,068 ","2.40 ","6.20 ","6.40 ",3.15,"0.60 ",3.4,"2.00 ","1.00 ","0.60 ","Chayne",3,2
"450",7,0.4286,"27.9%","29.14 ","10.29 ","02:28 ","15,838 ","8.29 ","0.57 ","37% ","13,359 ","3.29 ","6.71 ","10.57 ",3.52,"0.14 ",3.29,"1.71 ","1.29 ","0.29 ","Chayne",3,4
"451",14,0.6923,"12.7%","24.57 ","8.29 ","02:26 ","16,560 ","10.14 ","0.14 ","48% ","20,488 ","2.71 ","5.14 ","7.14 ",2.42,"0.29 ",3.07,"1.07 ","1.00 ","1.00 ","Chayne",10,4
"452",10,0.6667,"13.1%","22.40 ","8.90 ","02:04 ","13,905 ","8.60 ","0.30 ","43% ","17,767 ","2.50 ","4.30 ","9.10 ",2.6,"0.20 ",3.5,"1.30 ","1.10 ","1.00 ","Chayne",7,3
"453",7,0.4286,"22.2%","23.00 ","9.71 ","02:04 ","11,705 ","8.14 ","0.29 ","47% ","15,905 ","2.71 ","5.43 ","7.57 ",2.82,"0.43 ",2.71,"1.14 ","1.29 ","0.57 ","Chayne",3,4
"454",1,1,"2.6%","21.00 ","12.00 ","02:29 ","15,856 ","9.00 ","1.00 ","19% ","19,546 ","1.00 ","5.00 ","10.00 ",2.33,"0.00 ",1,"0.00 ","1.00 ","0.00 ","MTDESTROY-2425",1,0
"455",1,1,"0.0%","7.00 ","1.00 ","00:00 ","3,106 ","1.00 ","1.00 ","43% ","12,594 ","1.00 ","0.00 ","3.00 ",7,"1.00 ",1,"0.00 ","0.00 ","1.00 ","MTDESTROY-2425",1,0
"456",1,0,"3.2%","22.00 ","9.00 ","01:35 ","11,808 ","5.00 ","0.00 ","36% ","16,945 ","3.00 ","6.00 ","8.00 ",4.4,"0.00 ",2,"1.00 ","1.00 ","0.00 ","MTDESTROY-2425",0,1
"457",1,1,"2.3%","31.00 ","10.00 ","05:15 ","15,749 ","7.00 ","0.00 ","39% ","19,880 ","4.00 ","3.00 ","13.00 ",4.43,"1.00 ",4,"1.00 ","0.00 ","3.00 ","MTDESTROY-2425",1,0
"458",2,1,"9.7%","26.00 ","9.00 ","02:02 ","14,206 ","6.50 ","0.00 ","48% ","17,222 ","4.50 ","5.00 ","9.00 ",4,"0.50 ",3.5,"2.00 ","1.50 ","0.00 ","MTDESTROY-2425",2,0
"459",14,0.5,"9.7%","20.00 ","7.29 ","01:32 ","9,748 ","7.43 ","0.43 ","46% ","17,918 ","3.36 ","4.07 ","7.29 ",2.69,"0.64 ",2.86,"1.21 ","0.79 ","0.86 ","CreamyLoli-2641",7,7
"460",10,0.3333,"5.8%","22.40 ","9.40 ","02:37 ","13,100 ","10.10 ","0.50 ","44% ","29,788 ","3.10 ","5.10 ","9.10 ",2.22,"1.00 ",3,"1.10 ","1.00 ","0.90 ","CreamyLoli-2641",3,7
"461",2,0.5,"30.5%","19.00 ","4.00 ","01:29 ","9,026 ","7.50 ","0.50 ","53% ","20,834 ","2.50 ","6.00 ","7.00 ",2.53,"1.00 ",2.5,"2.00 ","0.50 ","0.00 ","CreamyLoli-2641",1,1
"462",2,1,"5.0%","29.00 ","14.50 ","05:12 ","11,251 ","6.00 ","0.00 ","41% ","23,258 ","3.50 ","7.50 ","8.50 ",4.83,"0.00 ",2,"0.50 ","1.00 ","0.50 ","CreamyLoli-2641",2,0
"463",3,0.5,"8.6%","25.00 ","11.33 ","02:35 ","16,280 ","10.33 ","0.00 ","48% ","24,945 ","3.67 ","5.33 ","11.33 ",2.42,"0.33 ",2,"0.33 ","1.33 ","0.33 ","CreamyLoli-2641",2,1
"464",1,0,"2.1%","20.00 ","7.00 ","00:54 ","12,874 ","7.00 ","0.00 ","65% ","9,924 ","0.00 ","5.00 ","6.00 ",2.86,"1.00 ",3,"1.00 ","1.00 ","0.00 ","Henningsen-21975",0,1
"465",1,1,"22.3%","13.00 ","3.00 ","00:39 ","9,145 ","5.00 ","0.00 ","23% ","5,533 ","1.00 ","3.00 ","4.00 ",2.6,"0.00 ",2,"1.00 ","1.00 ","0.00 ","Henningsen-21975",1,0
"466",2,0.5,"10.0%","35.50 ","11.00 ","02:31 ","16,048 ","11.00 ","3.00 ","46% ","22,882 ","4.50 ","5.00 ","14.50 ",3.23,"0.00 ",1.5,"0.00 ","0.50 ","1.00 ","Henningsen-21975",1,1
"467",4,0.75,"11.0%","23.25 ","9.75 ","01:41 ","12,480 ","8.25 ","0.75 ","46% ","18,749 ","1.75 ","5.25 ","12.00 ",2.82,"0.75 ",4,"1.50 ","1.75 ","1.00 ","Henningsen-21975",3,1
"468",1,0,"28.7%","6.00 ","2.00 ","00:43 ","4,256 ","5.00 ","0.00 ","0% ","7,184 ","0.00 ","2.00 ","0.00 ",1.2,"0.00 ",2,"0.00 ","0.00 ","2.00 ","Henningsen-21975",0,1
"469",1,1,"3.5%","34.00 ","12.00 ","07:37 ","34,323 ","20.00 ","0.00 ","29% ","47,174 ","3.00 ","7.00 ","15.00 ",1.7,"0.00 ",3,"1.00 ","0.00 ","1.00 ","CurryShot-11768",1,0
"470",1,1,"0.0%","22.00 ","9.00 ","03:24 ","26,132 ","14.00 ","0.00 ","36% ","33,962 ","2.00 ","4.00 ","9.00 ",1.57,"0.00 ",3,"1.00 ","1.00 ","3.00 ","CurryShot-11768",1,0
"471",5,0.25,"5.0%","14.60 ","4.20 ","01:30 ","11,668 ","9.20 ","0.20 ","48% ","17,770 ","0.80 ","2.00 ","5.80 ",1.59,"0.40 ",1.6,"0.60 ","0.20 ","0.60 ","CurryShot-11768",1,4
"472",7,0.7143,"12.5%","28.00 ","11.29 ","02:38 ","16,780 ","10.14 ","0.00 ","42% ","22,823 ","2.14 ","5.57 ","9.86 ",2.76,"0.14 ",2.71,"0.57 ","1.57 ","0.57 ","CurryShot-11768",5,2
"473",8,0.4286,"17.3%","28.38 ","11.38 ","02:52 ","16,169 ","10.38 ","0.50 ","49% ","20,986 ","3.38 ","7.25 ","9.38 ",2.73,"0.38 ",3.25,"0.62 ","1.62 ","1.00 ","CurryShot-11768",3,5
"474",8,0.75,"7.0%","24.75 ","11.62 ","02:37 ","14,469 ","9.00 ","0.38 ","42% ","21,709 ","3.50 ","4.75 ","7.62 ",2.75,"0.25 ",3,"1.00 ","1.00 ","1.00 ","CurryShot-11768",6,2
"475",4,0.5,"15.7%","26.50 ","13.00 ","03:23 ","17,824 ","9.00 ","0.00 ","43% ","18,501 ","3.50 ","5.25 ","11.00 ",2.94,"0.50 ",2.75,"0.75 ","1.75 ","0.25 ","HERO-15425",2,2
"476",4,0.25,"6.3%","20.75 ","7.25 ","02:22 ","14,813 ","12.50 ","0.50 ","36% ","31,090 ","2.50 ","5.25 ","8.50 ",1.66,"0.75 ",3,"1.25 ","0.75 ","0.75 ","HERO-15425",1,3
"477",3,0.6667,"13.4%","26.33 ","13.67 ","02:58 ","14,823 ","6.67 ","1.33 ","44% ","16,029 ","2.67 ","5.00 ","6.67 ",3.95,"0.33 ",3.33,"2.33 ","0.67 ","0.67 ","HERO-15425",2,1
"478",11,0.7,"11.4%","30.00 ","11.73 ","02:51 ","16,659 ","9.45 ","0.82 ","47% ","22,230 ","3.82 ","7.45 ","12.64 ",3.17,"0.64 ",3.64,"1.55 ","1.18 ","0.91 ","HERO-15425",8,3
"479",11,0.5455,"14.3%","22.27 ","11.00 ","02:15 ","12,610 ","8.27 ","0.36 ","41% ","17,071 ","1.91 ","5.09 ","8.91 ",2.69,"0.55 ",3.45,"1.73 ","1.00 ","0.73 ","HERO-15425",6,5
"480",6,0.5,"31.2%","21.67 ","8.67 ","02:03 ","11,023 ","7.50 ","0.50 ","53% ","13,934 ","2.00 ","3.33 ","8.67 ",2.89,"0.33 ",3.17,"1.00 ","1.50 ","0.67 ","HERO-15425",3,3
"481",1,1,"13.7%","21.00 ","7.00 ","00:56 ","14,675 ","2.00 ","0.00 ","33% ","11,175 ","2.00 ","6.00 ","8.00 ",10.5,"0.00 ",2,"1.00 ","1.00 ","1.00 ","numlocked",1,0
"482",3,1,"18.2%","28.33 ","10.00 ","02:45 ","14,593 ","6.67 ","0.33 ","36% ","15,418 ","4.67 ","5.00 ","10.33 ",4.25,"0.00 ",2.67,"0.67 ","1.33 ","0.67 ","numlocked",3,0
"483",5,1,"24.2%","35.40 ","13.00 ","02:17 ","21,218 ","8.80 ","0.00 ","38% ","20,884 ","3.80 ","7.80 ","10.20 ",4.02,"0.40 ",3.8,"1.20 ","1.20 ","1.20 ","numlocked",5,0
"484",4,1,"6.1%","19.50 ","7.75 ","01:05 ","12,614 ","5.50 ","0.50 ","40% ","11,956 ","3.00 ","2.50 ","5.50 ",3.55,"0.50 ",2.25,"0.75 ","0.75 ","0.75 ","numlocked",4,0
"485",4,0.5,"11.0%","27.25 ","8.00 ","01:44 ","16,648 ","9.75 ","0.50 ","46% ","19,920 ","4.25 ","5.50 ","8.50 ",2.79,"0.00 ",4,"1.25 ","1.75 ","1.00 ","numlocked",2,2
"486",4,0.5,"4.5%","16.25 ","3.25 ","01:07 ","8,329 ","5.50 ","0.00 ","45% ","13,807 ","3.00 ","3.25 ","3.75 ",2.95,"0.75 ",2,"0.50 ","0.75 ","0.75 ","numlocked",2,2
"487",8,0.625,"14.3%","24.50 ","11.25 ","02:14 ","16,414 ","10.38 ","0.12 ","43% ","19,467 ","2.75 ","5.12 ","7.12 ",2.36,"0.12 ",3.62,"1.12 ","1.12 ","1.38 ","Decod-2801",5,3
"488",11,0.5455,"13.2%","23.00 ","6.73 ","02:37 ","15,881 ","9.64 ","0.27 ","47% ","25,008 ","3.18 ","4.91 ","9.36 ",2.39,"0.27 ",3.09,"0.91 ","1.36 ","0.82 ","Decod-2801",6,5
"489",5,0.6,"9.2%","18.60 ","7.00 ","01:15 ","11,575 ","7.80 ","0.40 ","47% ","12,672 ","3.00 ","4.00 ","4.20 ",2.38,"0.20 ",2.6,"1.00 ","1.00 ","0.40 ","Decod-2801",3,2
"490",2,0,"4.4%","11.50 ","6.50 ","02:14 ","13,266 ","14.00 ","0.00 ","43% ","17,710 ","1.00 ","2.00 ","4.00 ",0.82,"1.00 ",3.5,"2.00 ","1.00 ","1.00 ","Decod-2801",0,2
"491",6,0.8333,"29.9%","29.67 ","11.00 ","01:49 ","17,038 ","7.33 ","0.17 ","43% ","18,880 ","2.17 ","8.83 ","12.00 ",4.05,"0.83 ",3.33,"2.17 ","1.00 ","0.17 ","Decod-2801",5,1
"492",6,0.5,"22.7%","25.50 ","7.50 ","01:51 ","15,630 ","9.50 ","1.00 ","44% ","18,748 ","2.50 ","5.83 ","12.50 ",2.68,"0.50 ",3.67,"1.33 ","1.33 ","1.00 ","Decod-2801",3,3
"493",7,0.5714,"9.0%","18.71 ","8.57 ","01:54 ","11,895 ","8.57 ","0.57 ","48% ","21,176 ","2.29 ","4.29 ","7.00 ",2.18,"0.00 ",2.86,"1.57 ","0.71 ","0.71 ","Midna-21479",4,3
"494",7,0.5714,"22.7%","23.71 ","10.29 ","02:07 ","13,790 ","8.71 ","0.00 ","42% ","21,377 ","2.71 ","5.29 ","10.71 ",2.72,"0.29 ",2.71,"0.71 ","1.14 ","0.71 ","Midna-21479",4,3
"495",3,1,"19.9%","33.33 ","9.67 ","02:45 ","19,103 ","7.33 ","0.33 ","46% ","22,691 ","4.67 ","6.67 ","13.67 ",4.55,"0.33 ",3.67,"1.67 ","0.33 ","1.67 ","Midna-21479",3,0
"496",6,0.5,"5.3%","24.33 ","9.83 ","03:02 ","13,944 ","8.17 ","0.00 ","32% ","21,875 ","1.83 ","3.50 ","7.67 ",2.98,"0.33 ",2.83,"1.33 ","0.83 ","0.67 ","Midna-21479",3,3
"497",9,0.6667,"16.4%","21.22 ","10.00 ","02:26 ","14,275 ","8.89 ","0.22 ","39% ","19,446 ","2.11 ","4.56 ","8.33 ",2.39,"0.22 ",2.67,"1.11 ","1.00 ","0.56 ","Midna-21479",6,3
"498",3,1,"10.4%","32.33 ","12.00 ","03:18 ","15,521 ","6.33 ","0.00 ","42% ","21,700 ","3.67 ","4.00 ","12.33 ",5.11,"0.00 ",3,"1.00 ","0.67 ","1.33 ","Midna-21479",3,0
"499",3,0.3333,"7.3%","18.67 ","6.33 ","02:29 ","12,379 ","11.33 ","0.00 ","48% ","26,400 ","1.67 ","2.67 ","8.00 ",1.65,"0.33 ",3,"1.00 ","0.33 ","1.33 ","Teemo-22841",1,2
"500",1,0,"2.9%","13.00 ","9.00 ","02:36 ","7,485 ","8.00 ","0.00 ","54% ","13,274 ","1.00 ","0.00 ","4.00 ",1.62,"1.00 ",2,"1.00 ","1.00 ","0.00 ","Teemo-22841",0,1
"501",21,0.5714,"10.9%","25.67 ","9.81 ","02:31 ","15,215 ","9.24 ","0.33 ","43% ","23,496 ","3.38 ","4.10 ","10.10 ",2.78,"0.43 ",2.81,"1.00 ","0.76 ","1.05 ","Teemo-22841",12,9
"502",4,0.75,"12.6%","15.25 ","5.00 ","01:03 ","9,858 ","3.75 ","0.25 ","49% ","13,036 ","1.00 ","3.00 ","6.00 ",4.07,"0.00 ",2.5,"1.00 ","0.50 ","1.00 ","Teemo-22841",3,1
"503",1,1,"4.6%","11.00 ","4.00 ","00:40 ","11,195 ","5.00 ","0.00 ","36% ","8,791 ","0.00 ","1.00 ","2.00 ",2.2,"1.00 ",1,"0.00 ","1.00 ","0.00 ","Teemo-22841",1,0
"504",7,0.5714,"8.1%","26.29 ","11.14 ","02:03 ","14,209 ","10.86 ","0.14 ","40% ","20,909 ","2.29 ","5.29 ","9.14 ",2.42,"0.29 ",2.43,"1.29 ","0.57 ","0.71 ","Teemo-22841",4,3
"505",3,0.3333,"9.0%","19.33 ","8.00 ","02:35 ","17,199 ","10.67 ","0.33 ","47% ","22,137 ","1.33 ","3.33 ","7.33 ",1.81,"0.00 ",3.67,"2.00 ","0.67 ","1.00 ","lhcloudy-2273",1,2
"506",1,1,"0.0%","8.00 ","6.00 ","01:07 ","6,654 ","3.00 ","0.00 ","38% ","7,885 ","0.00 ","0.00 ","4.00 ",2.67,"0.00 ",2,"0.00 ","1.00 ","1.00 ","lhcloudy-2273",1,0
"507",2,1,"16.5%","34.50 ","13.00 ","03:17 ","23,596 ","7.00 ","0.50 ","45% ","22,164 ","3.00 ","3.50 ","17.50 ",4.93,"0.00 ",3,"0.50 ","1.00 ","1.00 ","lhcloudy-2273",2,0
"508",1,1,"4.5%","36.00 ","10.00 ","02:12 ","22,245 ","11.00 ","1.00 ","42% ","22,061 ","3.00 ","11.00 ","9.00 ",3.27,"0.00 ",5,"2.00 ","2.00 ","0.00 ","lhcloudy-2273",1,0
"509",1,0,"7.6%","22.00 ","10.00 ","02:57 ","12,500 ","12.00 ","2.00 ","68% ","14,354 ","3.00 ","4.00 ","6.00 ",1.83,"0.00 ",3,"1.00 ","2.00 ","2.00 ","lhcloudy-2273",0,1
"510",2,0.5,"8.9%","21.00 ","8.00 ","02:10 ","16,660 ","10.00 ","0.00 ","48% ","23,222 ","4.50 ","6.50 ","6.50 ",2.1,"0.00 ",3,"0.00 ","1.50 ","1.50 ","lhcloudy-2273",1,1
"511",1,1,"0.0%","18.00 ","4.00 ","00:37 ","7,571 ","5.00 ","0.00 ","44% ","16,540 ","1.00 ","2.00 ","6.00 ",3.6,"0.00 ",0,"0.00 ","0.00 ","0.00 ","STG-21930",1,0
"512",6,1,"8.9%","25.67 ","10.00 ","04:17 ","16,561 ","9.33 ","0.17 ","50% ","26,276 ","3.83 ","4.00 ","10.17 ",2.75,"0.67 ",2.67,"0.83 ","0.33 ","1.50 ","STG-21930",6,0
"513",5,0.6,"5.8%","18.60 ","7.80 ","02:05 ","13,398 ","9.20 ","0.40 ","41% ","19,132 ","1.60 ","2.80 ","7.40 ",2.02,"0.40 ",2.8,"0.80 ","0.80 ","1.20 ","STG-21930",3,2
"514",19,0.5789,"12.5%","23.53 ","8.63 ","02:33 ","13,133 ","8.95 ","1.32 ","51% ","20,290 ","3.32 ","4.68 ","8.16 ",2.63,"0.53 ",3.11,"1.00 ","0.95 ","1.16 ","STG-21930",11,8
"515",7,0,"11.1%","18.29 ","7.43 ","01:55 ","14,911 ","12.86 ","0.29 ","38% ","17,604 ","2.00 ","4.00 ","7.00 ",1.42,"0.00 ",2.43,"0.57 ","1.57 ","0.29 ","STG-21930",0,7
"516",18,0.6111,"11.3%","21.44 ","9.39 ","02:38 ","13,638 ","10.11 ","0.83 ","49% ","16,931 ","2.67 ","3.50 ","6.67 ",2.12,"0.33 ",2.83,"1.22 ","0.78 ","0.89 ","STG-21930",11,7
"517",3,0.6667,"18.2%","25.67 ","9.33 ","02:11 ","13,444 ","6.67 ","0.67 ","40% ","15,988 ","2.33 ","7.67 ","10.00 ",3.85,"0.67 ",3.67,"2.00 ","1.33 ","0.67 ","KroxZ-21878",2,1
"518",5,0.6,"15.4%","28.40 ","13.80 ","02:34 ","16,395 ","9.80 ","0.40 ","43% ","22,637 ","3.20 ","6.80 ","11.40 ",2.9,"0.40 ",3.2,"2.00 ","0.80 ","0.20 ","KroxZ-21878",3,2
"519",5,1,"23.1%","38.40 ","14.20 ","02:50 ","22,592 ","10.00 ","0.60 ","46% ","21,042 ","4.80 ","10.20 ","13.80 ",3.84,"0.80 ",4.2,"1.40 ","2.00 ","0.80 ","KroxZ-21878",5,0
"520",5,0.6,"22.4%","26.20 ","7.40 ","01:40 ","13,618 ","7.80 ","0.60 ","47% ","14,466 ","3.80 ","6.40 ","10.80 ",3.36,"0.60 ",3.4,"1.40 ","1.20 ","1.00 ","KroxZ-21878",3,2
"521",1,1,"9.7%","40.00 ","8.00 ","07:23 ","31,359 ","15.00 ","1.00 ","62% ","42,105 ","9.00 ","9.00 ","16.00 ",2.67,"1.00 ",5,"3.00 ","1.00 ","1.00 ","KroxZ-21878",1,0
"522",8,0.75,"19.4%","25.38 ","7.50 ","01:32 ","14,002 ","5.62 ","0.62 ","45% ","11,334 ","3.88 ","5.50 ","10.25 ",4.51,"0.38 ",3,"1.00 ","1.25 ","0.75 ","KroxZ-21878",6,2
"523",1,1,"2.3%","19.00 ","3.00 ","00:59 ","8,079 ","6.00 ","0.00 ","37% ","10,862 ","3.00 ","1.00 ","6.00 ",3.17,"0.00 ",4,"1.00 ","0.00 ","3.00 ","SZNS-1626",1,0
"524",21,0.6667,"10.0%","23.10 ","9.95 ","02:26 ","15,922 ","7.67 ","0.24 ","45% ","21,570 ","2.10 ","4.43 ","10.52 ",3.01,"0.43 ",3.33,"1.62 ","0.76 ","0.95 ","SZNS-1626",14,7
"525",1,1,"0.0%","9.00 ","4.00 ","00:49 ","9,539 ","5.00 ","0.00 ","33% ","16,257 ","1.00 ","2.00 ","4.00 ",1.8,"0.00 ",3,"1.00 ","2.00 ","0.00 ","SZNS-1626",1,0
"526",36,0.5556,"14.7%","24.11 ","10.58 ","02:16 ","15,568 ","8.86 ","0.22 ","40% ","21,274 ","2.11 ","6.06 ","9.47 ",2.72,"0.44 ",2.89,"1.06 ","1.03 ","0.81 ","SZNS-1626",20,16
"527",5,0.5,"12.7%","24.60 ","12.20 ","02:08 ","15,447 ","8.60 ","0.60 ","37% ","26,149 ","1.20 ","4.80 ","11.60 ",2.86,"0.80 ",2.4,"1.20 ","0.40 ","0.60 ","SZNS-1626",2,3
"528",1,1,"14.6%","26.00 ","12.00 ","01:51 ","10,857 ","3.00 ","0.00 ","46% ","12,360 ","3.00 ","2.00 ","5.00 ",8.67,"0.00 ",4,"2.00 ","1.00 ","1.00 ","SZNS-1626",1,0
"529",1,0,"18.6%","17.00 ","12.00 ","04:33 ","17,685 ","13.00 ","0.00 ","47% ","18,768 ","1.00 ","3.00 ","7.00 ",1.31,"1.00 ",3,"3.00 ","0.00 ","0.00 ","Cameron-21184",0,1
"530",2,0.5,"13.8%","35.50 ","16.00 ","03:40 ","21,924 ","13.50 ","0.00 ","39% ","35,952 ","4.50 ","8.50 ","13.00 ",2.63,"1.00 ",4,"1.50 ","1.00 ","1.50 ","Cameron-21184",1,1
"531",1,1,"0.4%","30.00 ","10.00 ","03:38 ","17,597 ","8.00 ","1.00 ","47% ","21,486 ","2.00 ","4.00 ","10.00 ",3.75,"1.00 ",4,"1.00 ","3.00 ","0.00 ","Cameron-21184",1,0
"532",3,1,"8.7%","23.67 ","6.67 ","01:45 ","12,886 ","6.00 ","0.33 ","51% ","17,423 ","2.00 ","4.00 ","10.33 ",3.94,"0.33 ",3.33,"1.00 ","1.67 ","0.67 ","Cameron-21184",3,0
"533",2,1,"9.5%","42.00 ","18.50 ","02:44 ","22,162 ","6.50 ","0.00 ","37% ","23,216 ","4.50 ","5.50 ","15.50 ",6.46,"0.50 ",4.5,"2.50 ","1.50 ","0.50 ","Cameron-21184",2,0
"534",7,0.8571,"22.2%","29.43 ","12.14 ","03:10 ","16,445 ","9.00 ","0.14 ","42% ","17,274 ","2.71 ","6.29 ","12.14 ",3.27,"0.43 ",3.43,"2.14 ","0.71 ","0.57 ","Cameron-21184",6,1
"535",10,0.7,"22.0%","29.10 ","10.30 ","01:56 ","16,339 ","8.50 ","0.40 ","45% ","18,530 ","2.90 ","5.40 ","11.30 ",3.42,"0.20 ",3.9,"1.40 ","1.70 ","0.80 ","Cameron-21184",7,3
"536",10,0.6,"23.6%","28.50 ","14.30 ","03:28 ","17,821 ","10.10 ","0.00 ","42% ","23,638 ","3.30 ","7.60 ","10.20 ",2.82,"0.50 ",3,"1.20 ","1.00 ","0.70 ","xQc",6,4
"537",5,0.6,"16.0%","21.20 ","7.80 ","02:50 ","13,384 ","11.00 ","0.00 ","45% ","19,492 ","3.60 ","3.80 ","8.80 ",1.93,"0.20 ",2.6,"1.00 ","0.60 ","1.00 ","xQc",3,2
"538",6,0.6667,"7.8%","18.33 ","7.67 ","02:22 ","11,930 ","7.50 ","0.33 ","34% ","22,290 ","1.17 ","4.33 ","7.67 ",2.44,"0.67 ",2.5,"1.00 ","0.67 ","0.83 ","xQc",4,2
"539",6,0.6667,"17.7%","23.67 ","8.33 ","02:14 ","12,341 ","7.00 ","0.33 ","50% ","18,310 ","4.17 ","6.00 ","7.33 ",3.38,"0.67 ",2.83,"1.17 ","1.00 ","0.67 ","xQc",4,2
"540",8,0.4286,"11.4%","27.00 ","10.25 ","03:12 ","15,035 ","13.00 ","0.88 ","48% ","25,032 ","3.88 ","5.12 ","9.50 ",2.08,"0.75 ",3.12,"0.75 ","1.12 ","1.25 ","xQc",3,5
"541",10,0.5,"7.0%","19.00 ","7.10 ","02:11 ","11,303 ","8.30 ","0.70 ","48% ","17,984 ","2.60 ","3.40 ","7.50 ",2.29,"0.40 ",2.6,"0.80 ","1.00 ","0.80 ","xQc",5,5
"542",14,0.7143,"7.6%","23.86 ","10.50 ","02:20 ","14,887 ","9.21 ","0.86 ","49% ","18,852 ","3.29 ","4.14 ","8.86 ",2.59,"0.71 ",3.14,"1.43 ","0.79 ","0.93 ","Hades-25759",10,4
"543",8,0.375,"10.9%","22.00 ","9.38 ","01:54 ","13,649 ","10.38 ","0.88 ","47% ","18,531 ","2.25 ","4.12 ","6.12 ",2.12,"0.75 ",3.88,"1.00 ","1.75 ","1.12 ","Hades-25759",3,5
"544",10,0.9,"24.0%","28.20 ","9.80 ","01:51 ","14,258 ","7.70 ","1.10 ","51% ","13,987 ","3.70 ","6.90 ","10.60 ",3.66,"0.50 ",3.2,"1.20 ","0.80 ","1.20 ","Hades-25759",9,1
"545",5,0.6,"15.6%","26.00 ","7.00 ","01:29 ","15,566 ","8.20 ","0.80 ","58% ","16,393 ","3.20 ","5.20 ","9.00 ",3.17,"0.60 ",3.2,"1.40 ","1.00 ","0.80 ","Hades-25759",3,2
"546",4,0.25,"2.2%","15.00 ","4.25 ","01:16 ","11,656 ","9.50 ","0.25 ","53% ","17,540 ","2.25 ","3.00 ","5.00 ",1.58,"0.50 ",2.5,"1.25 ","1.00 ","0.25 ","Hades-25759",1,3
"547",8,0.875,"8.6%","24.75 ","8.00 ","02:34 ","13,992 ","9.00 ","1.38 ","51% ","21,688 ","3.25 ","4.38 ","8.88 ",2.75,"0.75 ",3,"1.00 ","0.88 ","1.12 ","Hades-25759",7,1
