"","GAME_PLAYED","WIN_RATE","ON_FIRE","ELIS","OBJ_KILLS","OBJ_TIME","DAMAGE","HEALING","DEATH","WEAPON_ACC","SCOPED_ACC","ENMY_SLEPT","OFF_ASSISTS","DEF_ASSISTS","BOOST_ASSISTS","ED","VOTING_CARDS","MEDALS","GOLD","SILVER","BRONZE","PLAYER_ID","WIN","LOSS"
"1",4,0.5714,"13.9%","12.00 ","3.14 ","00:47 ","4,132 ","9,538 ","4.86 ","27% ","66% ","4.29 ","9.86 ","14.00 ","3.71 ",2.47,"0.43 ",1.14,"0.57 ","0.43 ","0.14 ","Wman-2447",2,2
"2",2,1,"24.1%","21.33 ","7.33 ","02:00 ","6,802 ","17,887 ","7.67 ","27% ","66% ","10.67 ","21.00 ","26.67 ","8.00 ",2.78,"1.00 ",2.33,"1.00 ","0.67 ","0.67 ","Wman-2447",2,0
"3",1,0,"6.8%","16.00 ","5.00 ","00:20 ","6,865 ","12,344 ","9.00 ","27% ","66% ","8.00 ","14.00 ","13.00 ","5.00 ",1.78,"0.00 ",1,"1.00 ","0.00 ","0.00 ","Wman-2447",0,1
"4",3,0.4,"6.1%","13.00 ","3.20 ","00:19 ","4,871 ","10,039 ","5.80 ","27% ","66% ","4.60 ","9.00 ","16.40 ","4.00 ",2.24,"0.20 ",1.4,"0.80 ","0.20 ","0.40 ","Wman-2447",1,2
"5",5,0.3333,"8.9%","9.56 ","3.33 ","00:45 ","3,832 ","10,397 ","5.78 ","27% ","66% ","4.56 ","9.22 ","9.67 ","3.89 ",1.65,"0.67 ",1.67,"1.00 ","0.00 ","0.67 ","Wman-2447",2,3
"6",3,0.8,"19.1%","16.40 ","5.40 ","00:59 ","5,637 ","10,831 ","5.20 ","27% ","66% ","5.20 ","13.00 ","12.60 ","4.40 ",3.15,"0.40 ",1.2,"0.60 ","0.20 ","0.20 ","Wman-2447",2,1
"7",2,0.3333,"3.9%","6.67 ","1.67 ","00:11 ","2,303 ","5,813 ","7.33 ","25% ","65% ","2.33 ","6.33 ","7.00 ","3.33 ",0.91,"0.33 ",1.67,"1.00 ","1.00 ","0.00 ","Thespian-11583",1,1
"8",6,0,"5.4%","7.00 ","1.50 ","00:05 ","2,324 ","9,524 ","6.50 ","25% ","65% ","3.50 ","8.00 ","6.00 ","3.00 ",1.08,"0.50 ",2,"0.50 ","1.50 ","0.00 ","Thespian-11583",0,6
"9",7,1,"9.0%","15.25 ","6.00 ","00:44 ","6,569 ","14,625 ","7.00 ","25% ","65% ","6.00 ","13.50 ","17.75 ","4.50 ",2.18,"0.75 ",2,"1.50 ","0.00 ","0.50 ","Thespian-11583",7,0
"10",8,0.3333,"17.7%","12.67 ","4.83 ","00:38 ","4,923 ","14,289 ","7.50 ","24% ","65% ","7.17 ","11.33 ","13.17 ","5.00 ",1.69,"0.67 ",1.33,"1.00 ","0.17 ","0.17 ","Thespian-11583",3,5
"11",8,0.6667,"12.2%","14.17 ","4.17 ","00:52 ","4,630 ","12,731 ","5.83 ","25% ","65% ","6.00 ","15.67 ","18.17 ","7.17 ",2.43,"0.67 ",1.5,"1.00 ","0.00 ","0.17 ","Thespian-11583",5,3
"12",4,0.4286,"11.0%","14.71 ","5.14 ","00:40 ","4,325 ","11,387 ","8.29 ","25% ","65% ","4.43 ","11.29 ","17.00 ","4.00 ",1.78,"0.71 ",1.57,"1.00 ","0.29 ","0.29 ","Thespian-11583",2,2
"13",7,0.5,"18.1%","11.25 ","5.25 ","00:20 ","3,952 ","8,560 ","4.50 ","21% ","61% ","5.25 ","6.50 ","15.00 ","1.50 ",2.5,"0.75 ",1,"1.00 ","0.00 ","0.00 ","concon-21470",4,3
"14",7,0.75,"12.8%","14.50 ","5.75 ","00:45 ","4,345 ","9,840 ","8.75 ","21% ","61% ","5.00 ","11.75 ","17.00 ","4.25 ",1.66,"0.25 ",1.75,"0.75 ","0.00 ","0.75 ","concon-21470",5,2
"15",2,0.3333,"6.1%","14.00 ","4.67 ","00:43 ","5,348 ","10,156 ","10.33 ","21% ","61% ","6.67 ","15.00 ","13.67 ","4.33 ",1.35,"0.33 ",1,"0.33 ","0.67 ","0.33 ","concon-21470",1,1
"16",7,0.75,"14.3%","14.00 ","3.25 ","00:29 ","4,526 ","14,110 ","8.75 ","21% ","61% ","7.25 ","15.50 ","18.25 ","7.00 ",1.6,"0.75 ",1.75,"1.25 ","0.50 ","0.00 ","concon-21470",5,2
"17",8,0.3333,"17.7%","12.83 ","4.50 ","00:41 ","4,989 ","12,954 ","9.83 ","21% ","61% ","7.33 ","12.33 ","18.17 ","4.50 ",1.31,"0.33 ",1.33,"0.50 ","0.50 ","0.33 ","concon-21470",3,5
"18",9,0.5455,"10.5%","11.00 ","3.18 ","00:53 ","4,247 ","11,209 ","8.36 ","21% ","60% ","6.64 ","10.27 ","16.45 ","4.09 ",1.32,"0.55 ",1.45,"0.91 ","0.27 ","0.36 ","concon-21470",5,4
"19",3,0.8,"5.6%","8.20 ","3.20 ","00:50 ","4,023 ","8,778 ","7.00 ","21% ","66% ","5.00 ","9.60 ","15.00 ","3.20 ",1.17,"0.40 ",1.6,"0.60 ","0.80 ","0.20 ","Fluffy-12527",2,1
"20",7,0.6667,"1.8%","14.25 ","7.50 ","01:51 ","6,188 ","18,426 ","12.25 ","21% ","66% ","8.00 ","17.75 ","23.50 ","4.50 ",1.16,"1.00 ",1.5,"1.00 ","0.25 ","0.25 ","Fluffy-12527",5,2
"21",2,0.3333,"14.2%","9.67 ","4.67 ","01:37 ","3,838 ","12,173 ","7.33 ","21% ","66% ","6.00 ","11.67 ","15.00 ","6.33 ",1.32,"0.33 ",1.67,"1.33 ","0.33 ","0.00 ","Fluffy-12527",1,1
"22",6,0.5,"5.5%","4.50 ","0.00 ","00:30 ","2,654 ","7,308 ","5.00 ","21% ","66% ","5.50 ","4.50 ","5.00 ","1.00 ",0.9,"0.50 ",1.5,"0.50 ","0.00 ","0.50 ","Fluffy-12527",3,3
"23",2,0.6667,"18.1%","13.00 ","6.67 ","01:16 ","4,146 ","15,701 ","10.33 ","21% ","66% ","10.00 ","14.33 ","20.67 ","5.00 ",1.26,"0.33 ",1,"1.00 ","0.33 ","0.00 ","Fluffy-12527",1,1
"24",6,0.5,"10.5%","5.50 ","3.50 ","02:32 ","4,074 ","13,506 ","8.00 ","22% ","66% ","6.00 ","7.50 ","18.00 ","4.50 ",0.69,"0.00 ",2,"1.00 ","1.00 ","0.00 ","Fluffy-12527",3,3
"25",1,0,"0.0%","16.00 ","6.00 ","03:10 ","4,243 ","14,733 ","12.00 ","22% ","66% ","10.00 ","17.00 ","26.00 ","4.00 ",1.33,"0.00 ",2,"1.00 ","1.00 ","0.00 ","Fluffy-12527",0,1
"26",3,0.6,"3.2%","10.60 ","3.60 ","00:49 ","3,536 ","9,432 ","6.40 ","22% ","66% ","5.20 ","8.20 ","12.40 ","3.40 ",1.66,"0.40 ",1.2,"0.60 ","0.60 ","0.00 ","Fluffy-12527",2,1
"27",1,1,"15.2%","6.00 ","4.00 ","00:06 ","2,610 ","8,925 ","6.00 ","13% ","61% ","6.00 ","15.00 ","10.00 ","9.00 ",1,"0.00 ",2,"0.00 ","0.00 ","1.00 ","MeeemYO-2855",1,0
"28",7,0.75,"4.1%","9.50 ","2.75 ","01:06 ","3,033 ","16,127 ","7.50 ","13% ","61% ","6.50 ","13.50 ","21.75 ","6.00 ",1.27,"1.25 ",1.25,"1.25 ","0.00 ","0.00 ","MeeemYO-2855",5,2
"29",1,1,"0.2%","12.00 ","6.00 ","01:21 ","3,612 ","12,950 ","9.00 ","13% ","60% ","6.00 ","12.00 ","11.00 ","3.00 ",1.33,"0.00 ",2,"1.00 ","0.00 ","1.00 ","MeeemYO-2855",1,0
"30",1,0,"0.0%","2.00 ","1.00 ","00:08 ","974 ","3,627 ","3.00 ","13% ","60% ","2.00 ","1.00 ","5.00 ","0.00 ",0.67,"0.00 ",1,"0.00 ","1.00 ","0.00 ","MeeemYO-2855",0,1
"31",1,0,"35.3%","27.00 ","13.00 ","03:02 ","6,336 ","19,487 ","10.00 ","13% ","60% ","10.00 ","23.00 ","39.00 ","10.00 ",2.7,"0.00 ",3,"2.00 ","1.00 ","0.00 ","MeeemYO-2855",0,1
"32",3,1,"12.1%","10.20 ","3.20 ","01:06 ","2,651 ","10,786 ","5.20 ","13% ","60% ","5.20 ","13.20 ","19.20 ","5.20 ",1.96,"0.80 ",1.2,"0.80 ","0.20 ","0.20 ","MeeemYO-2855",3,0
"33",11,0.6857,"6.7%","12.53 ","4.99 ","00:57 ","3,564 ","11,497 ","6.93 ","20% ","64% ","6.26 ","12.11 ","15.97 ","4.51 ",1.81,"0.49 ",1.52,"0.90 ","0.26 ","0.34 ","Agoostis-1124",8,3
"34",10,0.125,"13.4%","10.94 ","3.56 ","00:34 ","3,958 ","10,906 ","7.75 ","21% ","63% ","5.62 ","11.50 ","13.44 ","4.06 ",1.41,"0.44 ",1.44,"0.75 ","0.25 ","0.38 ","Agoostis-1124",1,9
"35",1,1,"0.0%","11.00 ","2.00 ","01:05 ","6,142 ","19,653 ","9.00 ","29% ","62% ","6.00 ","13.00 ","23.00 ","5.00 ",1.22,"1.00 ",1,"1.00 ","0.00 ","0.00 ","GCGG-1765",1,0
"36",6,0,"8.5%","14.50 ","3.50 ","01:12 ","8,524 ","16,206 ","10.50 ","29% ","62% ","8.50 ","11.50 ","18.50 ","2.50 ",1.38,"1.00 ",1,"1.00 ","0.00 ","0.00 ","GCGG-1765",0,6
"37",3,0.8,"12.2%","15.20 ","4.20 ","00:49 ","5,462 ","9,334 ","5.00 ","29% ","62% ","7.00 ","13.60 ","14.00 ","5.80 ",3.04,"0.40 ",1.2,"0.80 ","0.20 ","0.20 ","GCGG-1765",2,1
"38",6,0.5,"20.1%","14.50 ","1.50 ","00:30 ","7,916 ","17,113 ","8.50 ","29% ","63% ","12.00 ","19.00 ","22.50 ","6.50 ",1.71,"1.00 ",2,"1.50 ","0.00 ","0.50 ","GCGG-1765",3,3
"39",6,1,"11.4%","18.50 ","5.50 ","00:33 ","7,668 ","9,636 ","7.50 ","29% ","63% ","10.50 ","17.00 ","21.00 ","5.50 ",2.47,"0.50 ",1,"0.50 ","0.50 ","0.00 ","GCGG-1765",6,0
"40",3,0.8,"9.3%","11.80 ","4.60 ","01:03 ","6,315 ","11,698 ","6.40 ","29% ","63% ","8.00 ","12.60 ","17.40 ","4.40 ",1.84,"0.60 ",1,"1.00 ","0.00 ","0.00 ","GCGG-1765",2,1
"41",3,0.8,"12.8%","13.00 ","4.80 ","00:46 ","4,547 ","9,861 ","6.80 ","22% ","63% ","5.80 ","12.60 ","17.20 ","3.60 ",1.91,"0.60 ",1.2,"0.80 ","0.20 ","0.20 ","UltraViolet-11810",2,1
"42",1,0,"9.3%","15.00 ","6.00 ","00:39 ","5,761 ","12,888 ","11.00 ","22% ","63% ","10.00 ","16.00 ","15.00 ","10.00 ",1.36,"0.00 ",4,"2.00 ","2.00 ","1.00 ","UltraViolet-11810",0,1
"43",7,0.5,"23.7%","12.00 ","4.25 ","00:39 ","3,713 ","9,033 ","4.50 ","22% ","63% ","7.50 ","15.00 ","11.25 ","6.25 ",2.67,"0.75 ",1.5,"1.00 ","0.00 ","0.50 ","UltraViolet-11810",4,3
"44",4,0.7143,"19.9%","14.14 ","7.57 ","01:11 ","4,818 ","9,553 ","5.29 ","22% ","63% ","6.71 ","12.43 ","14.29 ","4.57 ",2.68,"0.43 ",1.43,"0.86 ","0.14 ","0.29 ","UltraViolet-11810",3,1
"45",1,1,"18.0%","32.00 ","15.00 ","02:07 ","12,330 ","33,162 ","14.00 ","22% ","63% ","20.00 ","25.00 ","47.00 ","5.00 ",2.29,"2.00 ",3,"2.00 ","1.00 ","0.00 ","UltraViolet-11810",1,0
"46",5,0.3333,"26.1%","14.78 ","5.89 ","01:16 ","5,328 ","11,064 ","7.44 ","22% ","63% ","10.22 ","16.33 ","20.00 ","4.89 ",1.99,"0.44 ",1.11,"0.89 ","0.00 ","0.22 ","UltraViolet-11810",2,3
"47",3,0.6,"15.9%","15.40 ","4.40 ","00:13 ","5,681 ","12,441 ","6.00 ","26% ","66% ","7.80 ","15.00 ","17.00 ","5.20 ",2.57,"0.40 ",2,"1.00 ","0.20 ","0.80 ","Fahzix",2,1
"48",1,1,"51.8%","20.00 ","4.00 ","01:02 ","6,386 ","12,339 ","8.00 ","27% ","66% ","7.00 ","20.00 ","22.00 ","5.00 ",2.5,"1.00 ",2,"1.00 ","0.00 ","1.00 ","Fahzix",1,0
"49",1,0,"38.3%","19.00 ","5.00 ","01:09 ","10,047 ","17,728 ","11.00 ","27% ","65% ","18.00 ","23.00 ","26.00 ","8.00 ",1.73,"1.00 ",1,"1.00 ","0.00 ","0.00 ","Fahzix",0,1
"50",4,0.4286,"17.8%","11.71 ","4.29 ","00:26 ","4,618 ","11,254 ","5.43 ","26% ","65% ","7.14 ","13.00 ","16.29 ","3.71 ",2.16,"0.71 ",1.14,"0.86 ","0.00 ","0.29 ","Fahzix",2,2
"51",12,0.5,"20.3%","15.20 ","4.50 ","00:27 ","5,022 ","11,644 ","6.10 ","27% ","66% ","7.10 ","14.50 ","16.00 ","5.40 ",2.49,"0.80 ",1.1,"0.80 ","0.10 ","0.10 ","Fahzix",6,6
"52",3,0.4,"13.5%","11.80 ","5.20 ","01:01 ","4,400 ","10,914 ","6.00 ","19% ","66% ","7.20 ","11.20 ","12.80 ","3.40 ",1.97,"0.00 ",1.6,"0.80 ","0.40 ","0.60 ","Mozser-1605",1,2
"53",8,0.5,"22.5%","16.00 ","6.00 ","01:17 ","5,271 ","11,556 ","6.17 ","18% ","65% ","9.00 ","18.17 ","22.83 ","8.17 ",2.59,"0.50 ",1.5,"0.67 ","0.33 ","0.33 ","Mozser-1605",4,4
"54",1,1,"0.7%","7.00 ","4.00 ","00:00 ","2,004 ","6,137 ","6.00 ","18% ","65% ","1.00 ","8.00 ","7.00 ","3.00 ",1.17,"1.00 ",1,"1.00 ","1.00 ","0.00 ","Mozser-1605",1,0
"55",13,0.75,"7.9%","11.50 ","5.12 ","01:03 ","3,324 ","11,978 ","5.12 ","18% ","65% ","4.75 ","11.25 ","15.88 ","5.62 ",2.24,"0.75 ",1.12,"1.12 ","0.00 ","0.00 ","Mozser-1605",10,3
"56",2,0.3333,"18.8%","11.67 ","5.67 ","01:47 ","3,497 ","16,154 ","9.33 ","18% ","65% ","5.00 ","13.00 ","20.67 ","6.00 ",1.25,"0.67 ",1.33,"1.00 ","0.33 ","0.33 ","Mozser-1605",1,1
"57",7,0.5,"23.7%","16.00 ","4.75 ","01:31 ","5,912 ","12,909 ","7.00 ","26% ","63% ","10.25 ","18.75 ","19.25 ","5.00 ",2.29,"0.75 ",1.5,"1.25 ","0.00 ","0.00 ","hakkee-2443",4,3
"58",1,1,"25.1%","15.00 ","3.00 ","00:20 ","7,710 ","14,984 ","10.00 ","26% ","63% ","11.00 ","19.00 ","21.00 ","5.00 ",1.5,"1.00 ",0,"0.00 ","0.00 ","0.00 ","hakkee-2443",1,0
"59",2,0.6667,"23.7%","14.67 ","6.00 ","01:15 ","4,535 ","10,852 ","7.33 ","26% ","63% ","5.00 ","13.33 ","15.33 ","4.67 ",2,"0.33 ",1.67,"1.00 ","0.67 ","0.33 ","hakkee-2443",1,1
"60",6,1,"5.0%","17.50 ","5.50 ","01:07 ","5,134 ","15,764 ","10.00 ","26% ","63% ","10.00 ","15.50 ","21.50 ","7.00 ",1.75,"1.50 ",1.5,"1.00 ","0.50 ","0.00 ","hakkee-2443",6,0
"61",6,0.5,"22.9%","19.00 ","6.00 ","01:14 ","4,324 ","15,660 ","8.50 ","26% ","62% ","5.50 ","20.50 ","19.00 ","11.00 ",2.24,"1.00 ",1.5,"1.00 ","0.50 ","0.00 ","hakkee-2443",3,3
"62",7,0.5,"13.5%","21.25 ","7.00 ","01:34 ","6,902 ","14,102 ","10.25 ","26% ","62% ","12.25 ","17.50 ","22.00 ","5.50 ",2.07,"0.25 ",1.25,"0.75 ","0.25 ","0.25 ","hakkee-2443",4,3
"63",2,0.3333,"19.4%","18.67 ","5.00 ","00:23 ","8,862 ","10,612 ","7.33 ","31% ","64% ","14.00 ","16.67 ","17.33 ","3.00 ",2.55,"0.33 ",1.33,"1.33 ","0.00 ","0.00 ","TOKAT-21657",1,1
"64",1,1,"13.6%","11.00 ","4.00 ","00:34 ","2,547 ","6,372 ","2.00 ","20% ","57% ","5.00 ","15.00 ","16.00 ","3.00 ",5.5,"1.00 ",1,"0.00 ","1.00 ","0.00 ","CH0R0NG-3941",1,0
"65",7,0.5,"10.3%","13.00 ","4.50 ","01:13 ","6,348 ","13,360 ","10.75 ","20% ","57% ","9.25 ","14.00 ","14.50 ","5.25 ",1.21,"0.25 ",1.75,"1.00 ","0.25 ","0.25 ","CH0R0NG-3941",4,3
"66",6,0,"7.1%","13.50 ","4.00 ","01:46 ","5,642 ","15,570 ","16.00 ","20% ","57% ","6.50 ","14.50 ","19.50 ","6.00 ",0.84,"0.50 ",2.5,"0.50 ","1.00 ","1.00 ","CH0R0NG-3941",0,6
"67",6,0,"2.5%","3.00 ","0.50 ","00:18 ","2,357 ","5,079 ","4.00 ","20% ","57% ","2.50 ","3.50 ","3.00 ","1.00 ",0.75,"0.00 ",0.5,"0.50 ","0.50 ","0.00 ","CH0R0NG-3941",0,6
"68",2,0.3333,"11.2%","10.33 ","3.00 ","02:03 ","6,291 ","14,851 ","9.00 ","20% ","57% ","8.33 ","10.33 ","16.00 ","5.00 ",1.15,"0.67 ",2.67,"0.67 ","0.33 ","1.00 ","CH0R0NG-3941",1,1
"69",6,0.5,"19.2%","12.00 ","6.50 ","01:26 ","4,433 ","14,252 ","7.50 ","20% ","57% ","6.50 ","10.00 ","16.00 ","4.00 ",1.6,"0.50 ",2,"1.00 ","1.00 ","1.00 ","CH0R0NG-3941",3,3
"70",7,1,"26.7%","16.75 ","7.75 ","01:35 ","5,041 ","14,386 ","6.75 ","20% ","62% ","9.25 ","20.00 ","29.75 ","8.75 ",2.48,"1.00 ",1.5,"1.25 ","0.00 ","0.25 ","Phoxine-1170",7,0
"71",14,0.6923,"17.3%","14.08 ","5.23 ","00:51 ","4,174 ","12,963 ","7.08 ","20% ","62% ","6.92 ","15.46 ","19.92 ","6.69 ",1.99,"0.85 ",1.23,"0.92 ","0.15 ","0.15 ","Phoxine-1170",10,4
"72",5,0.3333,"7.7%","13.33 ","4.44 ","01:11 ","4,840 ","13,104 ","8.67 ","20% ","62% ","7.78 ","11.78 ","16.78 ","4.33 ",1.54,"0.67 ",1.78,"1.00 ","0.33 ","0.33 ","Phoxine-1170",2,3
"73",15,0.5333,"10.4%","13.33 ","4.27 ","00:40 ","4,906 ","11,703 ","6.67 ","20% ","62% ","6.20 ","13.53 ","16.13 ","5.87 ",2,"0.73 ",1.4,"1.13 ","0.20 ","0.13 ","Phoxine-1170",8,7
"74",14,0.4167,"7.4%","11.92 ","4.23 ","00:48 ","4,802 ","11,529 ","6.62 ","19% ","61% ","6.23 ","12.54 ","18.23 ","4.92 ",1.8,"0.69 ",1.31,"1.00 ","0.08 ","0.23 ","Phoxine-1170",6,8
"75",1,0,"12.1%","21.00 ","11.00 ","00:13 ","10,036 ","16,487 ","8.00 ","19% ","61% ","14.00 ","20.00 ","31.00 ","5.00 ",2.62,"1.00 ",1,"1.00 ","0.00 ","0.00 ","Phoxine-1170",0,1
"76",1,1,"1.9%","6.00 ","3.00 ","00:36 ","2,359 ","7,568 ","6.00 ","20% ","63% ","4.00 ","10.00 ","12.00 ","6.00 ",1,"0.00 ",2,"1.00 ","1.00 ","0.00 ","RyeRye02-1914",1,0
"77",8,0.3333,"3.9%","8.67 ","4.33 ","00:36 ","3,711 ","9,611 ","7.33 ","20% ","63% ","5.50 ","9.67 ","11.67 ","4.00 ",1.18,"0.17 ",1.33,"0.67 ","0.67 ","0.00 ","RyeRye02-1914",3,5
"78",1,0,"5.0%","15.00 ","9.00 ","00:38 ","3,354 ","10,659 ","6.00 ","20% ","63% ","4.00 ","12.00 ","17.00 ","10.00 ",2.5,"1.00 ",2,"1.00 ","0.00 ","1.00 ","RyeRye02-1914",0,1
"79",3,0.5,"7.7%","15.60 ","7.20 ","01:17 ","5,784 ","16,279 ","12.00 ","20% ","63% ","7.80 ","16.40 ","23.40 ","6.80 ",1.3,"0.80 ",1,"1.20 ","0.00 ","0.00 ","RyeRye02-1914",2,1
"80",1,0,"7.9%","5.00 ","3.00 ","01:28 ","2,304 ","12,947 ","9.00 ","20% ","63% ","3.00 ","9.00 ","6.00 ","7.00 ",0.56,"0.00 ",1,"1.00 ","0.00 ","0.00 ","RyeRye02-1914",0,1
"81",1,1,"10.5%","14.00 ","7.00 ","00:17 ","2,690 ","6,660 ","3.00 ","20% ","63% ","5.00 ","12.00 ","17.00 ","2.00 ",4.67,"0.00 ",2,"1.00 ","1.00 ","0.00 ","RyeRye02-1914",1,0
"82",3,0.8,"11.3%","15.60 ","8.80 ","01:37 ","5,104 ","14,208 ","7.80 ","20% ","63% ","7.00 ","19.00 ","24.00 ","8.80 ",2,"0.40 ",1.2,"0.60 ","0.40 ","0.20 ","RyeRye02-1914",2,1
"83",1,1,"7.1%","23.00 ","8.00 ","02:41 ","7,447 ","18,492 ","7.00 ","20% ","65% ","13.00 ","19.00 ","28.00 ","4.00 ",3.29,"1.00 ",3,"1.00 ","2.00 ","0.00 ","FixMe-31999",1,0
"84",1,0,"16.7%","14.00 ","8.00 ","02:09 ","6,074 ","16,863 ","9.00 ","20% ","65% ","9.00 ","19.00 ","10.00 ","7.00 ",1.56,"1.00 ",2,"1.00 ","1.00 ","0.00 ","FixMe-31999",0,1
"85",2,0,"16.2%","14.67 ","5.00 ","02:23 ","5,067 ","22,255 ","10.00 ","20% ","65% ","9.33 ","17.33 ","19.67 ","7.00 ",1.47,"1.33 ",2,"1.33 ","0.33 ","0.33 ","FixMe-31999",0,2
"86",2,0.6667,"11.4%","9.33 ","3.33 ","00:26 ","2,596 ","7,784 ","6.00 ","20% ","65% ","5.33 ","11.67 ","13.33 ","5.00 ",1.56,"0.33 ",1,"0.67 ","0.33 ","0.00 ","FixMe-31999",1,1
"87",1,0,"12.1%","16.00 ","3.00 ","00:52 ","4,712 ","15,868 ","12.00 ","20% ","65% ","8.00 ","18.00 ","18.00 ","6.00 ",1.33,"1.00 ",3,"1.00 ","1.00 ","1.00 ","FixMe-31999",0,1
"88",8,0.6667,"22.4%","15.00 ","6.50 ","02:27 ","5,282 ","15,078 ","6.83 ","20% ","65% ","9.00 ","18.00 ","19.17 ","5.67 ",2.2,"0.83 ",2.33,"1.33 ","0.50 ","0.50 ","FixMe-31999",5,3
"89",6,0,"2.0%","14.50 ","2.00 ","00:09 ","7,657 ","19,702 ","10.00 ","21% ","61% ","12.00 ","14.50 ","22.00 ","6.50 ",1.45,"0.50 ",1,"1.50 ","0.00 ","0.00 ","Jungshook-2367",0,6
"90",7,0.75,"24.2%","15.50 ","7.25 ","00:50 ","3,992 ","11,408 ","4.50 ","21% ","61% ","6.50 ","16.75 ","23.00 ","5.75 ",3.44,"0.50 ",1.5,"0.75 ","0.25 ","0.50 ","Jungshook-2367",5,2
"91",2,0.6667,"2.9%","12.33 ","2.67 ","00:14 ","4,364 ","9,806 ","3.33 ","21% ","61% ","7.67 ","12.00 ","14.33 ","3.33 ",3.7,"0.33 ",1,"1.33 ","0.00 ","0.00 ","Jungshook-2367",1,1
"92",8,0.8333,"22.7%","17.00 ","7.67 ","00:38 ","4,083 ","10,958 ","3.83 ","21% ","61% ","7.67 ","17.17 ","22.00 ","4.50 ",4.43,"0.83 ",1.5,"0.67 ","0.33 ","0.33 ","Jungshook-2367",7,1
"93",2,1,"6.4%","13.67 ","9.33 ","03:03 ","5,055 ","13,801 ","7.33 ","23% ","63% ","5.67 ","11.33 ","19.67 ","5.00 ",1.86,"0.33 ",1.67,"0.67 ","0.33 ","0.33 ","Ali-12740",2,0
"94",2,0.6667,"21.0%","16.67 ","11.00 ","02:12 ","5,551 ","14,825 ","6.00 ","23% ","63% ","7.00 ","13.33 ","24.67 ","3.00 ",2.78,"1.33 ",3,"1.67 ","0.33 ","1.00 ","Ali-12740",1,1
"95",6,0.5,"14.2%","11.00 ","5.00 ","00:29 ","4,674 ","11,970 ","9.50 ","23% ","62% ","9.50 ","10.00 ","12.50 ","4.00 ",1.16,"0.50 ",1,"1.00 ","0.00 ","0.00 ","Ali-12740",3,3
"96",6,0.5,"30.9%","32.00 ","15.00 ","02:27 ","9,190 ","17,384 ","11.00 ","23% ","62% ","10.00 ","24.00 ","28.00 ","7.00 ",2.91,"0.00 ",1,"1.00 ","0.50 ","0.00 ","Ali-12740",3,3
"97",1,1,"10.7%","11.00 ","7.00 ","01:00 ","3,633 ","5,208 ","7.00 ","23% ","62% ","7.00 ","7.00 ","10.00 ","4.00 ",1.57,"0.00 ",1,"0.00 ","0.00 ","1.00 ","Ali-12740",1,0
"98",1,1,"26.0%","21.00 ","10.00 ","02:36 ","6,658 ","21,306 ","16.00 ","23% ","62% ","7.00 ","22.00 ","26.00 ","9.00 ",1.31,"2.00 ",4,"1.00 ","1.00 ","1.00 ","Ali-12740",1,0
"99",6,1,"12.0%","25.50 ","5.00 ","00:56 ","7,293 ","15,405 ","8.50 ","24% ","66% ","11.50 ","17.50 ","33.00 ","3.00 ",3,"0.50 ",1,"1.50 ","0.00 ","0.00 ","Madero-11358",6,0
"100",14,0.5385,"20.7%","18.08 ","7.46 ","00:54 ","5,565 ","13,732 ","6.92 ","24% ","65% ","7.54 ","15.00 ","20.85 ","5.54 ",2.61,"0.62 ",1.31,"0.92 ","0.08 ","0.23 ","Madero-11358",8,6
"101",3,0.4,"15.3%","13.20 ","5.00 ","00:42 ","5,847 ","16,736 ","10.00 ","23% ","65% ","7.40 ","14.80 ","24.00 ","7.80 ",1.32,"0.60 ",1.4,"1.20 ","0.00 ","0.20 ","Madero-11358",1,2
"102",4,0.5714,"15.6%","14.43 ","6.86 ","00:57 ","4,753 ","10,696 ","7.57 ","23% ","64% ","8.00 ","13.57 ","18.57 ","5.14 ",1.91,"0.29 ",1.57,"1.00 ","0.43 ","0.43 ","Madero-11358",2,2
"103",7,0.5,"16.7%","15.00 ","6.50 ","00:48 ","5,084 ","12,075 ","6.00 ","23% ","65% ","6.00 ","16.25 ","22.75 ","7.75 ",2.5,"0.75 ",1.5,"1.25 ","0.00 ","0.00 ","Madero-11358",4,3
"104",1,0,"5.6%","14.00 ","5.00 ","01:42 ","7,396 ","12,404 ","6.00 ","23% ","66% ","6.00 ","16.00 ","20.00 ","7.00 ",2.33,"0.00 ",2,"0.00 ","1.00 ","1.00 ","Madero-11358",0,1
"105",6,0.5,"12.2%","11.00 ","4.00 ","00:34 ","5,292 ","9,647 ","7.00 ","19% ","61% ","7.50 ","10.00 ","11.50 ","2.00 ",1.57,"0.50 ",1,"0.50 ","0.50 ","0.00 ","Speedead-21699",3,3
"106",6,0,"14.0%","13.50 ","6.00 ","00:32 ","4,372 ","12,082 ","9.00 ","18% ","61% ","7.00 ","12.00 ","20.50 ","5.00 ",1.5,"0.50 ",1,"1.00 ","0.00 ","0.00 ","Speedead-21699",0,6
"107",17,0.5,"14.8%","13.75 ","5.75 ","00:58 ","4,483 ","13,002 ","7.70 ","18% ","61% ","7.65 ","14.25 ","18.65 ","5.80 ",1.79,"0.60 ",1.6,"0.95 ","0.20 ","0.45 ","Speedead-21699",8,9
"108",16,0.5714,"18.3%","11.21 ","3.93 ","00:48 ","3,937 ","13,084 ","6.79 ","19% ","61% ","6.57 ","12.07 ","17.21 ","4.43 ",1.65,"0.64 ",1.21,"0.86 ","0.07 ","0.29 ","Speedead-21699",9,7
"109",13,0.5,"23.7%","10.25 ","3.00 ","00:51 ","3,234 ","9,506 ","5.62 ","19% ","61% ","5.50 ","10.50 ","15.00 ","3.38 ",1.82,"0.38 ",1.5,"0.88 ","0.25 ","0.38 ","Speedead-21699",6,7
"110",13,0.625,"10.0%","16.12 ","7.25 ","00:59 ","6,476 ","17,320 ","9.25 ","19% ","61% ","8.50 ","17.75 ","22.62 ","6.75 ",1.74,"0.38 ",1.25,"1.12 ","0.12 ","0.12 ","Speedead-21699",8,5
"111",6,1,"4.7%","14.50 ","4.50 ","00:19 ","5,262 ","13,790 ","8.00 ","24% ","66% ","6.00 ","14.00 ","18.50 ","4.00 ",1.81,"0.50 ",1,"0.50 ","0.00 ","0.00 ","Micke-2886",6,0
"112",7,0.75,"13.8%","11.50 ","5.00 ","00:56 ","2,798 ","11,355 ","6.50 ","24% ","65% ","6.00 ","11.25 ","17.75 ","5.00 ",1.77,"0.75 ",1.5,"0.75 ","0.50 ","0.25 ","Micke-2886",5,2
"113",8,0.5,"10.6%","12.67 ","4.83 ","00:34 ","4,960 ","10,829 ","7.33 ","24% ","65% ","9.33 ","11.67 ","15.50 ","3.67 ",1.73,"0.50 ",1.5,"1.00 ","0.33 ","0.33 ","Micke-2886",4,4
"114",6,0.5,"9.7%","13.00 ","3.00 ","00:04 ","6,442 ","6,904 ","6.00 ","23% ","65% ","5.50 ","14.50 ","13.50 ","4.50 ",2.17,"0.50 ",1,"0.50 ","0.50 ","0.00 ","Micke-2886",3,3
"115",10,0.5,"7.0%","10.88 ","3.38 ","00:43 ","3,947 ","12,383 ","6.44 ","23% ","65% ","6.06 ","10.81 ","15.81 ","3.88 ",1.69,"0.50 ",1.31,"1.06 ","0.06 ","0.19 ","Micke-2886",5,5
"116",1,1,"18.8%","14.00 ","9.00 ","00:28 ","3,618 ","6,899 ","4.00 ","24% ","64% ","3.00 ","9.00 ","16.00 ","3.00 ",3.5,"0.00 ",2,"1.00 ","1.00 ","0.00 ","Micke-2886",1,0
"117",13,0.5,"14.3%","15.50 ","6.75 ","00:58 ","5,807 ","11,337 ","9.25 ","23% ","60% ","8.00 ","13.38 ","14.12 ","5.25 ",1.68,"0.25 ",1.62,"0.75 ","0.38 ","0.50 ","MCCMorpheus-1493",6,7
"118",2,0,"12.8%","15.67 ","8.67 ","01:06 ","6,433 ","15,549 ","10.33 ","23% ","59% ","5.33 ","13.00 ","13.33 ","3.00 ",1.52,"0.67 ",1.33,"1.00 ","0.33 ","0.00 ","MCCMorpheus-1493",0,2
"119",8,0.5,"6.2%","12.33 ","5.50 ","00:50 ","4,494 ","12,623 ","6.67 ","23% ","59% ","4.50 ","10.50 ","16.00 ","4.17 ",1.85,"0.50 ",1,"1.00 ","0.00 ","0.00 ","MCCMorpheus-1493",4,4
"120",12,0.7,"19.6%","13.90 ","5.30 ","01:04 ","4,599 ","11,596 ","6.70 ","23% ","59% ","6.50 ","14.10 ","16.40 ","5.70 ",2.07,"0.80 ",1.8,"1.10 ","0.40 ","0.40 ","MCCMorpheus-1493",8,4
"121",5,0.7778,"23.2%","17.56 ","9.44 ","01:04 ","6,140 ","10,379 ","5.67 ","24% ","59% ","8.33 ","15.44 ","17.89 ","5.67 ",3.1,"0.56 ",1.67,"0.78 ","0.22 ","0.56 ","MCCMorpheus-1493",4,1
"122",8,0.1667,"7.3%","14.67 ","5.67 ","00:42 ","5,269 ","10,204 ","6.83 ","24% ","59% ","5.67 ","11.00 ","13.67 ","3.50 ",2.15,"0.17 ",1.17,"1.00 ","0.00 ","0.17 ","MCCMorpheus-1493",1,7
"123",8,0.5,"11.9%","6.17 ","2.33 ","00:23 ","3,055 ","7,965 ","5.83 ","19% ","62% ","5.50 ","9.00 ","10.67 ","4.33 ",1.06,"0.50 ",1.17,"0.83 ","0.17 ","0.00 ","The-1567",4,4
"124",1,0,"0.0%","3.00 ","0.00 ","00:23 ","1,639 ","9,731 ","5.00 ","19% ","62% ","3.00 ","3.00 ","5.00 ","1.00 ",0.6,"0.00 ",0,"0.00 ","0.00 ","0.00 ","The-1567",0,1
"125",3,0.8,"18.3%","16.40 ","8.00 ","01:36 ","4,986 ","13,818 ","7.00 ","19% ","62% ","7.80 ","17.40 ","23.20 ","7.00 ",2.34,"0.60 ",1.8,"1.00 ","0.60 ","0.20 ","The-1567",2,1
"126",7,0.5,"16.4%","9.50 ","5.00 ","00:44 ","5,006 ","11,593 ","5.00 ","19% ","61% ","6.75 ","8.75 ","17.00 ","4.00 ",1.9,"0.50 ",1.75,"1.00 ","0.00 ","0.50 ","The-1567",4,3
"127",13,0.8571,"11.0%","13.88 ","4.88 ","01:00 ","5,739 ","11,558 ","7.12 ","19% ","61% ","7.88 ","14.38 ","19.88 ","5.25 ",1.95,"0.62 ",1.25,"0.88 ","0.25 ","0.12 ","The-1567",11,2
"128",6,1,"16.3%","18.00 ","9.00 ","01:53 ","5,118 ","10,914 ","6.00 ","19% ","61% ","6.50 ","15.00 ","21.50 ","4.00 ",3,"0.50 ",2,"1.00 ","0.50 ","0.50 ","The-1567",6,0
"129",6,0.5,"9.6%","10.50 ","5.50 ","00:27 ","3,092 ","12,626 ","7.00 ","19% ","64% ","4.00 ","13.00 ","16.00 ","7.50 ",1.5,"1.00 ",1.5,"1.00 ","0.50 ","0.50 ","X1AN-21758",3,3
"130",6,0.5,"31.3%","10.00 ","4.00 ","01:41 ","4,128 ","17,725 ","7.00 ","19% ","64% ","3.00 ","13.00 ","17.50 ","5.50 ",1.43,"1.00 ",2,"1.00 ","0.00 ","1.00 ","X1AN-21758",3,3
"131",13,0.5,"19.7%","13.00 ","5.62 ","01:38 ","3,465 ","15,023 ","6.50 ","19% ","64% ","6.62 ","14.12 ","21.62 ","5.50 ",2,"0.88 ",1.5,"1.38 ","0.12 ","0.00 ","X1AN-21758",6,7
"132",14,0.6154,"12.9%","13.00 ","6.46 ","01:42 ","3,382 ","14,408 ","7.62 ","20% ","64% ","7.77 ","13.23 ","20.92 ","4.69 ",1.71,"0.77 ",1.54,"1.08 ","0.23 ","0.23 ","X1AN-21758",9,5
"133",1,1,"0.0%","10.00 ","0.00 ","00:10 ","1,994 ","9,586 ","5.00 ","22% ","64% ","1.00 ","13.00 ","12.00 ","6.00 ",2,"1.00 ",1,"1.00 ","0.00 ","0.00 ","X1AN-21758",1,0
"134",4,0.7143,"9.1%","16.00 ","8.29 ","01:33 ","4,353 ","13,163 ","7.71 ","22% ","64% ","6.57 ","12.43 ","17.57 ","6.29 ",2.07,"0.14 ",1.71,"1.14 ","0.29 ","0.14 ","X1AN-21758",3,1
"135",6,0.5,"9.3%","15.00 ","9.00 ","02:36 ","5,618 ","17,555 ","10.50 ","31% ","65% ","3.00 ","17.50 ","23.00 ","8.50 ",1.43,"0.50 ",1.5,"1.00 ","0.00 ","0.50 ","Djaaaaaaaaaa-2288",3,3
"136",3,0.6,"17.0%","15.20 ","6.80 ","01:34 ","5,802 ","11,716 ","7.40 ","31% ","65% ","6.20 ","14.00 ","18.00 ","6.00 ",2.05,"0.20 ",1.4,"1.00 ","0.00 ","0.40 ","Djaaaaaaaaaa-2288",2,1
"137",6,0.5,"13.2%","12.00 ","6.50 ","01:18 ","3,470 ","6,398 ","3.00 ","31% ","66% ","3.50 ","8.00 ","10.00 ","2.50 ",4,"0.00 ",1.5,"0.00 ","1.00 ","0.50 ","Djaaaaaaaaaa-2288",3,3
"138",1,1,"55.1%","16.00 ","6.00 ","02:24 ","6,743 ","10,143 ","4.00 ","31% ","66% ","8.00 ","16.00 ","9.00 ","7.00 ",4,"0.00 ",1,"1.00 ","0.00 ","0.00 ","Djaaaaaaaaaa-2288",1,0
"139",8,0.5,"15.7%","11.50 ","5.33 ","00:41 ","4,129 ","9,709 ","5.50 ","31% ","66% ","4.50 ","11.50 ","14.00 ","5.83 ",2.09,"0.33 ",1.5,"1.00 ","0.33 ","0.33 ","Djaaaaaaaaaa-2288",4,4
"140",3,0.4,"12.7%","13.00 ","6.20 ","00:42 ","4,420 ","8,788 ","6.20 ","31% ","66% ","6.00 ","9.40 ","10.80 ","4.00 ",2.1,"0.40 ",1.8,"1.20 ","0.60 ","0.00 ","Djaaaaaaaaaa-2288",1,2
"141",5,0.4444,"10.5%","12.22 ","4.67 ","00:55 ","4,284 ","9,608 ","7.11 ","22% ","60% ","7.22 ","11.33 ","13.33 ","3.44 ",1.72,"0.33 ",1.78,"1.00 ","0.33 ","0.33 ","zHobo-11201",2,3
"142",7,0.25,"10.5%","15.75 ","6.25 ","00:34 ","5,060 ","8,388 ","9.00 ","22% ","60% ","7.75 ","10.75 ","18.25 ","2.50 ",1.75,"0.00 ",1.75,"0.75 ","0.50 ","0.50 ","zHobo-11201",2,5
"143",13,0.875,"23.4%","19.62 ","8.38 ","01:37 ","6,700 ","14,212 ","9.50 ","22% ","60% ","10.38 ","20.75 ","23.00 ","5.38 ",2.07,"0.38 ",1.75,"1.00 ","0.25 ","0.50 ","zHobo-11201",11,2
"144",12,0.7,"22.8%","15.00 ","5.90 ","01:33 ","5,037 ","10,972 ","5.20 ","23% ","60% ","8.40 ","15.00 ","18.50 ","6.00 ",2.88,"0.70 ",2,"1.00 ","0.40 ","0.60 ","zHobo-11201",8,4
"145",3,0.8,"11.5%","14.60 ","7.60 ","01:04 ","4,363 ","15,747 ","8.40 ","23% ","59% ","7.60 ","16.00 ","20.60 ","5.00 ",1.74,"0.80 ",1.6,"1.00 ","0.20 ","0.40 ","zHobo-11201",2,1
"146",2,0.3333,"11.1%","15.00 ","3.67 ","00:53 ","4,750 ","11,780 ","9.33 ","23% ","59% ","7.00 ","15.00 ","22.00 ","7.67 ",1.61,"0.33 ",1.33,"1.00 ","0.00 ","0.00 ","zHobo-11201",1,1
"147",7,1,"4.9%","10.25 ","3.25 ","00:47 ","3,716 ","13,248 ","4.50 ","20% ","64% ","9.25 ","6.75 ","13.50 ","1.00 ",2.28,"0.75 ",1.25,"1.00 ","0.25 ","0.00 ","Hunni-21287",7,0
"148",13,0.7143,"4.7%","9.38 ","2.88 ","00:28 ","3,432 ","10,232 ","4.88 ","20% ","64% ","5.50 ","9.25 ","10.88 ","3.75 ",1.92,"0.75 ",1.38,"0.88 ","0.38 ","0.12 ","Hunni-21287",9,4
"149",5,0.4444,"13.4%","12.11 ","4.00 ","00:41 ","4,754 ","11,632 ","6.22 ","20% ","64% ","7.67 ","11.22 ","16.11 ","3.44 ",1.95,"0.56 ",1.56,"1.11 ","0.22 ","0.22 ","Hunni-21287",2,3
"150",1,0,"0.0%","1.00 ","0.00 ","00:02 ","2,108 ","6,143 ","3.00 ","20% ","64% ","2.00 ","2.00 ","2.00 ","1.00 ",0.33,"1.00 ",1,"1.00 ","0.00 ","0.00 ","Hunni-21287",0,1
"151",2,0.6667,"15.8%","9.67 ","4.67 ","01:19 ","3,243 ","10,506 ","5.00 ","20% ","64% ","6.33 ","11.00 ","15.67 ","6.33 ",1.93,"0.67 ",1.33,"1.00 ","0.33 ","0.33 ","Hunni-21287",1,1
"152",2,0.6667,"18.7%","15.00 ","7.00 ","01:23 ","4,966 ","20,498 ","6.00 ","20% ","65% ","10.33 ","21.33 ","28.33 ","11.33 ",2.5,"1.33 ",2,"1.00 ","0.00 ","0.33 ","Hunni-21287",1,1
"153",18,0.5833,"14.5%","8.33 ","3.67 ","01:09 ","2,796 ","11,484 ","6.50 ","13% ","64% ","4.25 ","9.50 ","16.33 ","4.25 ",1.28,"0.67 ",1.83,"1.08 ","0.33 ","0.42 ","Shay-12935",10,8
"154",2,0.6667,"17.7%","10.00 ","4.67 ","01:13 ","2,577 ","9,403 ","8.00 ","13% ","64% ","4.67 ","11.67 ","15.67 ","4.00 ",1.25,"0.33 ",0.67,"0.67 ","0.00 ","0.00 ","Shay-12935",1,1
"155",6,0.5,"0.0%","8.50 ","2.50 ","00:26 ","2,524 ","12,138 ","9.50 ","13% ","65% ","5.00 ","14.00 ","16.00 ","8.50 ",0.89,"0.00 ",2,"0.00 ","1.50 ","0.00 ","Shay-12935",3,3
"156",3,0.8,"15.9%","12.00 ","5.40 ","01:17 ","2,763 ","16,291 ","6.60 ","13% ","65% ","4.80 ","16.20 ","21.60 ","7.00 ",1.82,"0.80 ",1.2,"1.00 ","0.00 ","0.40 ","Shay-12935",2,1
"157",12,0.4,"15.4%","10.60 ","4.40 ","00:59 ","3,309 ","9,912 ","6.80 ","13% ","65% ","6.40 ","11.80 ","14.80 ","4.90 ",1.56,"0.60 ",1.3,"1.00 ","0.20 ","0.10 ","Shay-12935",5,7
"158",8,0.3333,"21.1%","14.50 ","6.00 ","01:09 ","3,296 ","16,014 ","8.00 ","13% ","65% ","8.00 ","17.00 ","18.33 ","6.33 ",1.81,"0.67 ",1.5,"1.17 ","0.00 ","0.33 ","Shay-12935",3,5
"159",15,0.5,"13.8%","12.47 ","5.27 ","00:57 ","3,168 ","13,222 ","7.73 ","13% ","65% ","6.07 ","15.13 ","16.80 ","6.27 ",1.61,"0.60 ",1.6,"1.00 ","0.20 ","0.33 ","Shay-12935",8,7
"160",9,0.6364,"17.1%","12.82 ","6.73 ","01:08 ","4,547 ","12,198 ","6.09 ","19% ","60% ","7.55 ","13.73 ","20.73 ","5.36 ",2.1,"0.36 ",1.27,"1.00 ","0.18 ","0.09 ","Srg-21327",6,3
"161",19,0.5676,"15.9%","14.60 ","5.31 ","00:51 ","4,389 ","11,719 ","7.09 ","19% ","60% ","6.35 ","14.16 ","19.47 ","5.28 ",2.06,"0.45 ",1.37,"0.91 ","0.28 ","0.17 ","Srg-21327",11,8
"162",7,0.5,"6.7%","13.25 ","4.25 ","01:03 ","3,677 ","15,796 ","6.00 ","16% ","61% ","6.00 ","14.75 ","18.50 ","7.25 ",2.21,"0.50 ",1,"1.00 ","0.00 ","0.00 ","Srg-21327",4,3
"163",1,0,"16.4%","14.00 ","5.00 ","01:57 ","7,554 ","17,081 ","10.00 ","18% ","60% ","12.00 ","11.00 ","24.00 ","1.00 ",1.4,"0.00 ",1,"1.00 ","0.00 ","0.00 ","Srg-21327",0,1
"164",1,0,"5.5%","8.00 ","3.00 ","00:02 ","4,407 ","9,539 ","7.00 ","18% ","60% ","6.00 ","11.00 ","21.00 ","4.00 ",1.14,"0.00 ",1,"1.00 ","0.00 ","0.00 ","Srg-21327",0,1
"165",1,0,"21.3%","7.00 ","1.00 ","00:40 ","1,979 ","4,733 ","2.00 ","18% ","60% ","5.00 ","4.00 ","11.00 ","0.00 ",3.5,"0.00 ",1,"0.00 ","1.00 ","1.00 ","Srg-21327",0,1
"166",20,0.4615,"13.1%","12.96 ","4.72 ","00:10 ","4,823 ","11,784 ","7.82 ","27% ","67% ","7.41 ","11.93 ","15.62 ","3.88 ",1.66,"0.78 ",1.28,"0.99 ","-0.04 ","0.31 ","Zorbar-2356",9,11
"167",9,0.7273,"18.1%","16.64 ","9.18 ","01:04 ","5,358 ","14,865 ","4.64 ","24% ","64% ","7.73 ","16.45 ","23.64 ","6.27 ",3.59,"0.82 ",1.45,"1.00 ","0.18 ","0.27 ","DaniK-1710",7,2
"168",8,0.4,"18.9%","11.67 ","4.33 ","00:34 ","5,110 ","11,467 ","6.67 ","24% ","64% ","7.33 ","10.67 ","11.67 ","3.33 ",1.75,"0.50 ",1.5,"0.83 ","0.17 ","0.33 ","DaniK-1710",3,5
"169",5,0.8889,"19.0%","15.67 ","7.11 ","01:16 ","4,263 ","10,100 ","4.56 ","24% ","64% ","6.22 ","12.67 ","16.89 ","3.56 ",3.44,"0.78 ",1.67,"1.22 ","0.22 ","0.22 ","DaniK-1710",4,1
"170",17,0.5,"13.6%","13.85 ","4.35 ","00:49 ","3,942 ","11,506 ","7.05 ","24% ","63% ","6.05 ","14.75 ","15.25 ","5.45 ",1.96,"0.75 ",1.4,"0.95 ","0.15 ","0.30 ","DaniK-1710",8,9
"171",13,0.75,"11.1%","16.75 ","5.50 ","01:02 ","4,941 ","12,422 ","6.75 ","26% ","64% ","6.62 ","15.62 ","20.00 ","6.00 ",2.48,"0.62 ",1.5,"1.00 ","0.12 ","0.50 ","DaniK-1710",10,3
"172",6,0.5,"8.6%","10.00 ","3.00 ","01:02 ","5,382 ","9,156 ","9.00 ","23% ","54% ","5.50 ","11.50 ","12.00 ","4.00 ",1.11,"0.00 ",1.5,"0.50 ","0.00 ","0.50 ","NihaoMahi-3427",3,3
"173",1,1,"23.8%","14.00 ","5.00 ","01:27 ","3,687 ","11,462 ","2.00 ","23% ","54% ","4.00 ","15.00 ","13.00 ","6.00 ",7,"0.00 ",3,"1.00 ","1.00 ","1.00 ","NihaoMahi-3427",1,0
"174",1,1,"2.0%","23.00 ","9.00 ","01:13 ","7,667 ","10,559 ","8.00 ","23% ","54% ","6.00 ","15.00 ","17.00 ","2.00 ",2.88,"1.00 ",3,"1.00 ","0.00 ","2.00 ","NihaoMahi-3427",1,0
"175",6,0.5,"5.6%","13.00 ","1.50 ","00:40 ","5,740 ","10,892 ","4.00 ","23% ","54% ","4.50 ","15.00 ","16.00 ","5.50 ",3.25,"0.50 ",2.5,"1.00 ","1.50 ","0.50 ","NihaoMahi-3427",3,3
"176",6,1,"4.7%","9.50 ","3.00 ","00:18 ","5,706 ","10,442 ","5.50 ","23% ","54% ","5.50 ","8.50 ","7.00 ","3.00 ",1.73,"1.00 ",1.5,"1.00 ","0.00 ","0.50 ","NihaoMahi-3427",6,0
"177",12,0.7778,"14.6%","14.30 ","3.30 ","00:34 ","6,026 ","8,792 ","5.30 ","23% ","54% ","6.80 ","10.40 ","14.10 ","3.40 ",2.7,"0.20 ",1.6,"0.70 ","0.70 ","0.20 ","NihaoMahi-3427",9,3
"178",7,0.75,"3.6%","8.00 ","3.50 ","00:56 ","3,403 ","11,106 ","5.75 ","20% ","66% ","3.25 ","9.75 ","15.25 ","4.25 ",1.39,"0.00 ",1.5,"1.00 ","0.50 ","0.00 ","Boxofrage-2664",5,2
"179",4,0.2857,"9.8%","8.00 ","3.29 ","00:56 ","3,615 ","11,524 ","6.57 ","20% ","66% ","6.71 ","10.57 ","12.43 ","2.71 ",1.22,"0.43 ",1.57,"1.14 ","0.14 ","0.29 ","Boxofrage-2664",1,3
"180",7,0.75,"11.7%","13.75 ","4.00 ","00:39 ","5,708 ","14,508 ","9.00 ","20% ","66% ","4.25 ","14.75 ","18.00 ","6.50 ",1.53,"0.25 ",1.5,"1.00 ","0.00 ","0.50 ","Boxofrage-2664",5,2
"181",7,0.75,"20.5%","15.75 ","9.00 ","01:12 ","4,508 ","10,642 ","6.00 ","20% ","66% ","5.25 ","12.00 ","22.50 ","3.50 ",2.62,"0.50 ",1.5,"1.00 ","0.00 ","0.50 ","Boxofrage-2664",5,2
"182",3,0.6,"6.4%","9.60 ","3.40 ","01:01 ","2,872 ","11,546 ","7.40 ","20% ","65% ","5.20 ","10.20 ","14.60 ","4.80 ",1.3,"0.80 ",1.4,"1.00 ","0.00 ","0.40 ","Boxofrage-2664",2,1
"183",8,0.5,"16.3%","15.33 ","5.83 ","01:05 ","5,525 ","12,370 ","6.83 ","20% ","65% ","6.83 ","15.67 ","19.50 ","5.67 ",2.24,"0.67 ",1.33,"1.00 ","0.17 ","0.17 ","Boxofrage-2664",4,4
"184",16,0.3571,"15.6%","13.43 ","4.79 ","00:45 ","4,847 ","12,164 ","7.36 ","22% ","61% ","6.36 ","12.79 ","16.57 ","4.79 ",1.83,"0.36 ",1.36,"0.64 ","0.43 ","0.29 ","AutumnSouls-4788",6,10
"185",2,0.6667,"8.2%","13.33 ","5.00 ","01:07 ","6,119 ","10,483 ","8.33 ","22% ","61% ","9.67 ","16.00 ","15.00 ","7.00 ",1.6,"0.00 ",1.67,"0.33 ","0.67 ","0.00 ","AutumnSouls-4788",1,1
"186",8,0.3333,"18.6%","15.67 ","5.00 ","00:27 ","5,358 ","10,628 ","8.83 ","22% ","61% ","7.83 ","14.17 ","17.50 ","4.83 ",1.77,"0.17 ",1.67,"0.50 ","0.83 ","0.33 ","AutumnSouls-4788",3,5
"187",1,1,"5.4%","27.00 ","12.00 ","02:56 ","12,690 ","14,767 ","11.00 ","22% ","61% ","5.00 ","21.00 ","31.00 ","8.00 ",2.45,"0.00 ",2,"1.00 ","1.00 ","1.00 ","AutumnSouls-4788",1,0
"188",2,0,"17.0%","10.33 ","3.67 ","00:18 ","4,024 ","10,168 ","6.33 ","22% ","60% ","5.33 ","13.33 ","14.33 ","6.33 ",1.63,"0.67 ",1,"1.00 ","0.00 ","0.00 ","AutumnSouls-4788",0,2
"189",7,0.5,"23.0%","17.00 ","6.25 ","00:57 ","4,809 ","12,265 ","7.75 ","22% ","60% ","6.50 ","16.25 ","21.50 ","5.25 ",2.19,"0.75 ",1,"1.00 ","0.25 ","0.00 ","AutumnSouls-4788",4,3
"190",6,0.5,"11.2%","15.00 ","3.00 ","00:31 ","7,518 ","15,373 ","15.50 ","21% ","59% ","10.00 ","15.50 ","14.50 ","6.50 ",0.97,"0.00 ",1.5,"0.50 ","1.00 ","0.00 ","waffletastic-1857",3,3
"191",7,0.25,"6.6%","8.75 ","3.00 ","00:47 ","4,550 ","7,140 ","9.00 ","21% ","59% ","6.50 ","8.50 ","10.75 ","3.25 ",0.97,"0.25 ",1,"0.50 ","0.25 ","0.25 ","waffletastic-1857",2,5
"192",1,0,"3.2%","16.00 ","5.00 ","00:16 ","9,206 ","15,099 ","15.00 ","21% ","59% ","15.00 ","25.00 ","16.00 ","12.00 ",1.07,"1.00 ",2,"1.00 ","1.00 ","0.00 ","waffletastic-1857",0,1
"193",21,0.5556,"19.3%","15.72 ","6.78 ","01:09 ","5,879 ","11,310 ","8.94 ","21% ","59% ","7.67 ","14.39 ","19.00 ","5.28 ",1.76,"0.50 ",1.61,"0.83 ","0.28 ","0.61 ","waffletastic-1857",12,9
"194",12,0.6,"8.9%","15.70 ","5.80 ","00:49 ","6,010 ","12,145 ","10.20 ","21% ","59% ","9.20 ","18.00 ","20.90 ","7.50 ",1.54,"0.50 ",1.4,"0.80 ","0.30 ","0.20 ","waffletastic-1857",7,5
"195",6,1,"16.0%","13.00 ","7.50 ","01:51 ","5,307 ","10,376 ","5.50 ","22% ","58% ","7.00 ","11.50 ","17.50 ","5.00 ",2.36,"0.50 ",3,"1.00 ","1.00 ","1.50 ","waffletastic-1857",6,0
"196",2,0.6667,"1.2%","8.67 ","2.00 ","00:50 ","4,775 ","14,325 ","5.00 ","24% ","66% ","8.00 ","8.67 ","17.33 ","2.67 ",1.73,"1.00 ",2,"1.00 ","0.67 ","0.00 ","Unique-31913",1,1
"197",6,1,"5.9%","5.50 ","2.50 ","00:42 ","2,209 ","9,320 ","3.00 ","24% ","66% ","4.50 ","7.00 ","11.00 ","2.50 ",1.83,"0.50 ",1.5,"0.50 ","0.50 ","0.50 ","Unique-31913",6,0
"198",1,0,"37.7%","23.00 ","11.00 ","01:19 ","7,582 ","19,625 ","12.00 ","24% ","66% ","12.00 ","21.00 ","27.00 ","8.00 ",1.92,"1.00 ",2,"2.00 ","0.00 ","0.00 ","Unique-31913",0,1
"199",2,0.6667,"3.9%","8.33 ","2.67 ","00:22 ","4,159 ","10,945 ","5.00 ","24% ","66% ","7.33 ","8.67 ","12.67 ","3.67 ",1.67,"0.33 ",2.67,"1.00 ","1.00 ","0.67 ","Unique-31913",1,1
"200",1,1,"2.0%","13.00 ","3.00 ","00:28 ","6,820 ","13,399 ","4.00 ","24% ","66% ","9.00 ","13.00 ","20.00 ","2.00 ",3.25,"0.00 ",2,"0.00 ","2.00 ","1.00 ","Unique-31913",1,0
"201",7,0.25,"3.9%","6.75 ","3.00 ","00:27 ","3,999 ","13,452 ","7.50 ","24% ","66% ","5.75 ","7.25 ","8.75 ","2.50 ",0.9,"0.75 ",1.75,"1.25 ","0.00 ","0.25 ","Unique-31913",2,5
"202",8,0.3333,"18.7%","12.67 ","5.50 ","01:34 ","5,177 ","11,159 ","9.33 ","26% ","68% ","5.83 ","12.17 ","16.00 ","4.50 ",1.36,"0.17 ",1.67,"1.00 ","0.17 ","0.33 ","H3ndr1k-21526",3,5
"203",2,0.6667,"7.3%","16.33 ","2.67 ","00:38 ","6,963 ","15,798 ","9.00 ","26% ","68% ","8.67 ","13.67 ","18.33 ","5.33 ",1.81,"0.67 ",1.33,"1.33 ","0.33 ","0.00 ","H3ndr1k-21526",1,1
"204",12,0.7,"17.9%","13.90 ","5.10 ","01:15 ","4,051 ","14,031 ","6.90 ","20% ","68% ","6.40 ","13.50 ","20.50 ","5.80 ",2.01,"0.90 ",1.6,"0.90 ","0.40 ","0.20 ","Mez-21943",8,4
"205",6,0,"13.5%","16.50 ","8.50 ","01:21 ","7,740 ","15,981 ","9.50 ","21% ","68% ","12.50 ","17.50 ","16.00 ","6.00 ",1.74,"0.50 ",1.5,"1.00 ","0.50 ","0.00 ","Mez-21943",0,6
"206",1,1,"0.3%","9.00 ","4.00 ","00:32 ","4,783 ","10,583 ","11.00 ","20% ","68% ","5.00 ","10.00 ","17.00 ","5.00 ",0.82,"0.00 ",1,"1.00 ","0.00 ","0.00 ","Mez-21943",1,0
"207",7,0.75,"10.3%","8.25 ","4.00 ","00:34 ","2,780 ","11,526 ","4.25 ","20% ","68% ","4.50 ","10.00 ","13.00 ","4.00 ",1.94,"1.00 ",1.25,"1.00 ","0.25 ","0.00 ","Mez-21943",5,2
"208",6,0,"33.3%","21.00 ","10.50 ","01:26 ","9,094 ","16,127 ","13.50 ","21% ","68% ","13.00 ","18.50 ","31.00 ","5.50 ",1.56,"0.50 ",1.5,"0.50 ","1.00 ","0.00 ","Mez-21943",0,6
"209",7,0.5,"27.5%","12.25 ","4.50 ","01:04 ","3,854 ","9,638 ","7.00 ","20% ","68% ","7.25 ","15.50 ","15.75 ","5.25 ",1.75,"0.50 ",1,"0.75 ","0.25 ","0.00 ","Mez-21943",4,3
"210",22,0.6667,"12.8%","12.03 ","4.50 ","01:03 ","4,460 ","11,402 ","6.57 ","21% ","66% ","4.70 ","12.50 ","17.77 ","5.57 ",1.83,"0.40 ",1.53,"0.73 ","0.47 ","0.33 ","M4ssH0le-1813",15,7
"211",2,0,"11.3%","20.00 ","8.67 ","01:08 ","8,320 ","19,460 ","10.33 ","21% ","66% ","11.33 ","20.67 ","26.00 ","9.33 ",1.94,"0.33 ",1.67,"1.33 ","0.00 ","0.33 ","M4ssH0le-1813",0,2
"212",1,0,"0.0%","4.00 ","2.00 ","00:42 ","2,210 ","12,924 ","7.00 ","20% ","66% ","3.00 ","1.00 ","5.00 ","1.00 ",0.57,"0.00 ",1,"1.00 ","0.00 ","0.00 ","M4ssH0le-1813",0,1
"213",1,0,"4.7%","9.00 ","3.00 ","00:06 ","4,063 ","5,376 ","9.00 ","20% ","67% ","3.00 ","7.00 ","12.00 ","4.00 ",1,"0.00 ",1,"1.00 ","0.00 ","0.00 ","M4ssH0le-1813",0,1
"214",7,0.25,"3.1%","12.25 ","3.75 ","00:40 ","4,909 ","10,874 ","9.25 ","20% ","67% ","8.75 ","13.25 ","11.50 ","5.75 ",1.32,"0.25 ",1,"0.75 ","0.00 ","0.25 ","M4ssH0le-1813",2,5
"215",2,1,"10.1%","13.67 ","4.33 ","00:32 ","5,000 ","10,695 ","7.67 ","21% ","60% ","6.00 ","11.33 ","15.67 ","4.67 ",1.78,"1.00 ",2,"1.00 ","0.67 ","0.33 ","Zando-21583",2,0
"216",3,0.25,"4.9%","12.00 ","5.00 ","01:00 ","4,719 ","12,380 ","11.40 ","21% ","60% ","7.20 ","12.20 ","13.00 ","3.60 ",1.05,"0.40 ",1.4,"0.80 ","0.40 ","0.20 ","Zando-21583",1,2
"217",3,0.6,"7.5%","12.80 ","3.60 ","00:58 ","4,406 ","11,745 ","9.00 ","21% ","60% ","9.60 ","12.60 ","15.00 ","4.80 ",1.42,"0.60 ",2.4,"1.00 ","0.60 ","1.00 ","Zando-21583",2,1
"218",7,0.75,"23.7%","16.00 ","7.00 ","01:16 ","4,776 ","14,177 ","8.50 ","21% ","60% ","7.00 ","16.50 ","20.25 ","7.50 ",1.88,"0.25 ",1.5,"0.75 ","0.25 ","0.50 ","Zando-21583",5,2
"219",7,0.5,"20.3%","15.00 ","7.75 ","01:04 ","4,416 ","9,368 ","5.75 ","21% ","60% ","5.75 ","14.25 ","17.75 ","5.00 ",2.61,"0.25 ",1.5,"0.75 ","0.75 ","0.00 ","Zando-21583",4,3
"220",14,0.6154,"17.8%","16.15 ","7.23 ","01:21 ","5,833 ","11,453 ","7.38 ","21% ","60% ","8.85 ","15.54 ","17.46 ","5.77 ",2.19,"0.31 ",1.85,"1.00 ","0.31 ","0.54 ","Zando-21583",9,5
"221",1,1,"20.5%","27.00 ","10.00 ","01:26 ","4,927 ","22,071 ","12.00 ","21% ","60% ","8.00 ","22.00 ","38.00 ","14.00 ",2.25,"1.00 ",1,"0.00 ","0.00 ","0.00 ","Zando-21583",1,0
"222",2,1,"6.6%","12.67 ","6.00 ","01:10 ","3,672 ","11,814 ","9.33 ","21% ","60% ","5.33 ","11.33 ","16.67 ","4.33 ",1.36,"0.67 ",2.33,"1.67 ","0.33 ","0.33 ","Zando-21583",2,0
"223",1,0,"18.1%","26.00 ","8.00 ","03:17 ","6,853 ","25,567 ","20.00 ","18% ","59% ","7.00 ","22.00 ","29.00 ","12.00 ",1.3,"1.00 ",2,"2.00 ","0.00 ","0.00 ","Bedaine-11979",0,1
"224",1,0,"0.0%","3.00 ","2.00 ","00:03 ","2,646 ","7,504 ","4.00 ","18% ","59% ","2.00 ","1.00 ","5.00 ","1.00 ",0.75,"0.00 ",1,"0.00 ","0.00 ","0.00 ","Bedaine-11979",0,1
"225",1,0,"19.0%","14.00 ","3.00 ","00:45 ","5,559 ","13,106 ","9.00 ","18% ","59% ","7.00 ","17.00 ","14.00 ","6.00 ",1.56,"1.00 ",1,"1.00 ","0.00 ","0.00 ","Bedaine-11979",0,1
"226",1,0,"9.1%","17.00 ","9.00 ","05:28 ","7,971 ","14,476 ","12.00 ","18% ","59% ","5.00 ","11.00 ","18.00 ","1.00 ",1.42,"0.00 ",2,"2.00 ","1.00 ","1.00 ","Bedaine-11979",0,1
"227",5,0.6667,"9.3%","9.78 ","3.78 ","00:32 ","3,883 ","11,094 ","6.67 ","18% ","59% ","5.44 ","9.33 ","15.22 ","3.44 ",1.47,"0.78 ",1.22,"0.89 ","0.22 ","0.00 ","Bedaine-11979",3,2
"228",6,0,"18.7%","10.00 ","5.00 ","01:40 ","3,452 ","9,516 ","8.50 ","18% ","58% ","6.00 ","8.50 ","15.00 ","5.00 ",1.18,"1.00 ",3,"1.50 ","0.50 ","1.00 ","Bedaine-11979",0,6
"229",13,0.125,"8.1%","9.62 ","3.88 ","00:38 ","4,896 ","10,438 ","8.50 ","18% ","58% ","6.50 ","10.50 ","11.88 ","4.50 ",1.13,"0.38 ",1.5,"1.00 ","0.50 ","0.12 ","Bedaine-11979",2,11
"230",7,0.5,"6.8%","16.25 ","6.50 ","00:49 ","6,242 ","12,402 ","9.50 ","18% ","58% ","9.25 ","17.25 ","20.75 ","6.50 ",1.71,"0.50 ",1,"0.75 ","0.00 ","0.00 ","Bedaine-11979",4,3
"231",1,1,"19.5%","14.00 ","5.00 ","00:40 ","4,713 ","11,944 ","7.00 ","18% ","58% ","6.00 ","18.00 ","19.00 ","5.00 ",2,"1.00 ",1,"1.00 ","0.00 ","0.00 ","Bedaine-11979",1,0
"232",13,1,"9.9%","13.12 ","4.75 ","01:12 ","4,511 ","12,295 ","8.00 ","21% ","58% ","7.50 ","14.12 ","16.12 ","4.50 ",1.64,"0.62 ",1.38,"1.12 ","0.25 ","0.12 ","Kingslendr-1850",13,0
"233",23,0.68,"13.7%","14.24 ","5.56 ","00:55 ","5,579 ","11,823 ","9.68 ","21% ","58% ","7.84 ","14.56 ","19.16 ","6.00 ",1.47,"0.48 ",1.2,"0.96 ","0.12 ","0.08 ","Kingslendr-1850",16,7
"234",2,0.6667,"3.0%","15.67 ","4.67 ","00:51 ","7,718 ","13,983 ","12.33 ","24% ","59% ","10.33 ","13.33 ","17.00 ","4.33 ",1.27,"0.00 ",2,"0.33 ","1.00 ","0.33 ","Kingslendr-1850",1,1
"235",2,0.6667,"5.0%","12.67 ","3.67 ","00:49 ","5,017 ","11,683 ","11.00 ","26% ","59% ","6.33 ","13.00 ","18.00 ","4.67 ",1.15,"0.67 ",1,"0.67 ","0.67 ","0.00 ","Kingslendr-1850",1,1
"236",1,0,"3.2%","10.00 ","5.00 ","00:20 ","6,196 ","11,691 ","6.00 ","28% ","58% ","7.00 ","11.00 ","8.00 ","4.00 ",1.67,"0.00 ",1,"0.00 ","0.00 ","0.00 ","Kingslendr-1850",0,1
"237",1,1,"9.4%","15.00 ","7.00 ","01:21 ","9,140 ","18,622 ","17.00 ","29% ","59% ","10.00 ","14.00 ","28.00 ","11.00 ",0.88,"1.00 ",3,"2.00 ","1.00 ","1.00 ","Kingslendr-1850",1,0
"238",6,1,"6.5%","12.00 ","7.00 ","00:39 ","5,734 ","13,593 ","9.00 ","23% ","60% ","10.50 ","11.50 ","18.00 ","3.50 ",1.33,"0.50 ",1,"1.00 ","0.50 ","0.00 ","JazZy-4470",6,0
"239",3,0.2,"3.1%","11.20 ","4.40 ","01:05 ","4,862 ","13,219 ","8.20 ","23% ","61% ","6.40 ","12.00 ","17.20 ","4.20 ",1.37,"0.80 ",1.4,"0.80 ","0.20 ","0.40 ","JazZy-4470",1,2
"240",2,0.6667,"11.2%","13.67 ","4.67 ","00:57 ","5,090 ","12,181 ","7.33 ","24% ","61% ","10.67 ","14.33 ","19.00 ","5.00 ",1.86,"0.67 ",1.67,"1.33 ","0.00 ","0.33 ","JazZy-4470",1,1
"241",6,1,"11.6%","7.00 ","3.00 ","00:53 ","3,324 ","8,794 ","6.00 ","24% ","61% ","4.50 ","8.00 ","9.00 ","3.50 ",1.17,"0.50 ",1,"1.00 ","0.00 ","0.50 ","JazZy-4470",6,0
"242",2,0.3333,"14.8%","6.67 ","2.33 ","00:44 ","3,259 ","9,728 ","7.00 ","24% ","61% ","6.67 ","7.67 ","11.33 ","3.33 ",0.95,"0.67 ",1.67,"0.67 ","0.67 ","0.00 ","JazZy-4470",1,1
"243",15,0.2143,"13.1%","8.27 ","2.07 ","00:43 ","4,247 ","10,335 ","7.47 ","24% ","61% ","6.87 ","8.47 ","10.73 ","3.33 ",1.11,"0.60 ",1.27,"1.07 ","0.13 ","0.13 ","JazZy-4470",3,12
"244",18,0.5833,"11.4%","11.58 ","4.50 ","00:37 ","3,978 ","10,068 ","5.92 ","26% ","66% ","5.67 ","11.58 ","12.83 ","5.08 ",1.96,"0.50 ",1.08,"0.75 ","0.25 ","0.17 ","Kiam-21896",10,8
"245",13,0.5,"19.8%","18.75 ","6.00 ","00:50 ","5,621 ","13,226 ","10.50 ","26% ","67% ","7.50 ","15.25 ","20.12 ","4.88 ",1.79,"0.50 ",1.5,"0.88 ","0.38 ","0.25 ","Kiam-21896",6,7
"246",13,0.5,"12.9%","15.25 ","5.50 ","00:49 ","5,026 ","9,447 ","6.62 ","26% ","67% ","8.00 ","12.88 ","14.38 ","4.12 ",2.3,"0.25 ",1.5,"0.62 ","0.38 ","0.50 ","Kiam-21896",6,7
"247",13,0.5,"23.2%","16.12 ","6.75 ","00:54 ","4,884 ","11,923 ","8.50 ","25% ","67% ","6.38 ","15.00 ","17.88 ","6.12 ",1.9,"0.62 ",2,"1.00 ","0.12 ","0.75 ","Kiam-21896",6,7
"248",12,0.4,"18.8%","17.30 ","6.00 ","00:53 ","5,673 ","13,913 ","8.80 ","25% ","67% ","6.50 ","17.10 ","19.20 ","5.90 ",1.97,"0.30 ",1.5,"1.00 ","0.10 ","0.40 ","Kiam-21896",5,7
"249",2,0.6667,"3.8%","13.67 ","6.33 ","00:50 ","5,198 ","9,897 ","9.00 ","19% ","58% ","8.00 ","11.00 ","14.67 ","4.33 ",1.52,"0.33 ",1.67,"0.67 ","0.67 ","0.33 ","Maeby-2335",1,1
"250",1,0,"3.3%","18.00 ","3.00 ","00:45 ","10,033 ","19,846 ","14.00 ","19% ","59% ","14.00 ","14.00 ","9.00 ","8.00 ",1.29,"0.00 ",2,"1.00 ","1.00 ","0.00 ","Maeby-2335",0,1
"251",6,1,"0.0%","12.00 ","6.00 ","00:53 ","3,656 ","10,548 ","5.50 ","19% ","58% ","2.50 ","8.00 ","12.00 ","2.50 ",2.18,"1.00 ",1,"0.50 ","0.00 ","0.50 ","Maeby-2335",6,0
"252",6,0,"1.7%","8.00 ","2.00 ","00:11 ","3,262 ","6,974 ","7.50 ","19% ","59% ","7.50 ","7.00 ","6.50 ","1.50 ",1.07,"0.00 ",1.5,"1.00 ","0.50 ","0.50 ","Maeby-2335",0,6
"253",4,0.4286,"5.9%","12.29 ","4.71 ","00:31 ","4,046 ","12,139 ","8.14 ","19% ","59% ","7.71 ","13.14 ","18.43 ","3.43 ",1.51,"0.57 ",1.43,"1.00 ","0.00 ","0.29 ","Maeby-2335",2,2
"254",3,0.8,"13.4%","17.00 ","7.20 ","01:27 ","5,385 ","10,194 ","5.20 ","19% ","59% ","6.40 ","17.00 ","18.40 ","6.40 ",3.27,"0.40 ",1.2,"0.60 ","0.40 ","0.20 ","Maeby-2335",2,1
"255",6,1,"36.4%","23.00 ","13.00 ","02:11 ","5,859 ","14,020 ","4.00 ","26% ","63% ","9.00 ","21.00 ","27.00 ","6.00 ",5.75,"1.00 ",3.5,"1.00 ","1.00 ","1.00 ","awkwar3Face-2323",6,0
"256",1,0,"4.0%","20.00 ","10.00 ","00:24 ","8,201 ","18,349 ","9.00 ","26% ","63% ","10.00 ","17.00 ","25.00 ","5.00 ",2.22,"1.00 ",3,"0.00 ","2.00 ","1.00 ","awkwar3Face-2323",0,1
"257",1,0,"41.0%","27.00 ","3.00 ","00:05 ","10,041 ","9,736 ","12.00 ","26% ","63% ","16.00 ","20.00 ","21.00 ","7.00 ",2.25,"0.00 ",3,"1.00 ","1.00 ","1.00 ","awkwar3Face-2323",0,1
"258",2,0.6667,"25.2%","18.33 ","8.00 ","01:30 ","7,277 ","19,587 ","6.00 ","26% ","64% ","8.67 ","15.67 ","23.67 ","7.33 ",3.06,"1.00 ",1.67,"1.00 ","0.67 ","0.00 ","awkwar3Face-2323",1,1
"259",1,1,"34.9%","33.00 ","11.00 ","01:55 ","8,931 ","14,618 ","7.00 ","26% ","63% ","9.00 ","16.00 ","34.00 ","3.00 ",4.71,"1.00 ",2,"1.00 ","1.00 ","0.00 ","awkwar3Face-2323",1,0
"260",5,0.7778,"35.6%","17.22 ","6.44 ","00:27 ","5,787 ","11,868 ","4.78 ","26% ","63% ","8.56 ","16.11 ","20.11 ","5.67 ",3.6,"0.67 ",1.44,"1.00 ","0.11 ","0.44 ","awkwar3Face-2323",4,1
"261",4,0.2857,"12.8%","12.29 ","6.57 ","01:14 ","5,252 ","12,829 ","6.86 ","21% ","64% ","6.71 ","13.29 ","17.29 ","6.00 ",1.79,"0.57 ",1.71,"1.29 ","0.14 ","0.43 ","Batti44-2808",1,3
"262",1,1,"19.9%","20.00 ","11.00 ","00:23 ","4,232 ","10,353 ","3.00 ","21% ","64% ","11.00 ","20.00 ","23.00 ","6.00 ",6.67,"0.00 ",1,"1.00 ","0.00 ","0.00 ","Batti44-2808",1,0
"263",3,0.8,"22.8%","15.00 ","3.80 ","01:38 ","5,510 ","18,749 ","7.20 ","21% ","64% ","8.80 ","17.60 ","29.40 ","7.20 ",2.08,"0.60 ",1,"0.80 ","0.20 ","0.00 ","Batti44-2808",2,1
"264",24,0.4737,"16.6%","14.21 ","5.42 ","01:05 ","4,892 ","13,752 ","7.63 ","21% ","64% ","7.53 ","13.79 ","16.16 ","5.00 ",1.86,"0.58 ",1.63,"1.05 ","0.21 ","0.37 ","Batti44-2808",11,13
"265",12,0.7,"13.3%","12.90 ","4.30 ","01:01 ","3,803 ","12,093 ","6.80 ","22% ","65% ","6.90 ","11.20 ","19.60 ","3.80 ",1.9,"0.40 ",1.2,"0.90 ","0.10 ","0.30 ","Batti44-2808",8,4
"266",4,0.7143,"10.3%","13.43 ","4.57 ","00:51 ","3,346 ","11,746 ","7.00 ","22% ","65% ","6.57 ","12.43 ","18.71 ","4.57 ",1.92,"0.86 ",1.43,"1.14 ","0.14 ","0.00 ","Batti44-2808",3,1
"267",13,0.875,"12.0%","16.00 ","7.25 ","00:59 ","4,897 ","16,781 ","8.25 ","23% ","66% ","8.12 ","17.62 ","23.75 ","6.50 ",1.94,"1.12 ",1.5,"1.00 ","0.25 ","0.25 ","Cain-22756",11,2
"268",5,0.5556,"11.0%","13.44 ","4.22 ","00:38 ","4,326 ","13,972 ","8.00 ","23% ","66% ","6.78 ","14.11 ","19.11 ","6.11 ",1.68,"0.33 ",1.11,"0.89 ","0.22 ","0.11 ","Cain-22756",3,2
"269",25,0.537,"13.2%","13.65 ","5.18 ","01:00 ","4,256 ","13,718 ","7.87 ","22% ","66% ","6.64 ","13.91 ","18.71 ","5.55 ",1.73,"0.73 ",1.45,"0.98 ","0.20 ","0.27 ","Cain-22756",13,12
"270",12,0.4,"18.5%","11.00 ","4.70 ","00:45 ","3,424 ","12,582 ","7.50 ","22% ","65% ","6.50 ","13.60 ","15.30 ","5.70 ",1.47,"0.50 ",1.4,"0.90 ","0.30 ","0.10 ","Cain-22756",5,7
"271",10,0.75,"12.9%","15.38 ","6.62 ","01:27 ","4,004 ","12,197 ","9.31 ","27% ","63% ","8.19 ","16.31 ","19.56 ","6.25 ",1.65,"0.62 ",1.88,"1.00 ","0.31 ","0.62 ","UwU-21796",8,2
"272",26,0.5926,"14.6%","14.36 ","5.46 ","01:11 ","4,042 ","10,756 ","7.96 ","28% ","63% ","7.18 ","14.07 ","16.29 ","4.57 ",1.8,"0.39 ",1.64,"0.96 ","0.25 ","0.39 ","UwU-21796",15,11
"273",21,0.7647,"16.4%","17.94 ","8.11 ","01:17 ","4,858 ","9,515 ","8.28 ","31% ","62% ","8.22 ","17.50 ","17.06 ","6.22 ",2.17,"0.17 ",1.94,"0.89 ","0.61 ","0.50 ","UwU-21796",16,5
"274",1,1,"16.1%","23.00 ","12.00 ","03:26 ","5,207 ","19,130 ","9.00 ","22% ","58% ","7.00 ","21.00 ","27.00 ","8.00 ",2.56,"1.00 ",3,"1.00 ","1.00 ","0.00 ","BerPect-4692",1,0
"275",2,0.6667,"12.5%","14.00 ","6.00 ","02:07 ","6,235 ","18,388 ","7.67 ","22% ","59% ","7.33 ","17.00 ","26.67 ","6.33 ",1.83,"0.33 ",2,"0.67 ","0.67 ","0.67 ","BerPect-4692",1,1
"276",6,0.5,"12.8%","11.50 ","5.00 ","00:17 ","3,287 ","7,689 ","4.00 ","22% ","58% ","2.50 ","8.00 ","13.00 ","3.00 ",2.88,"0.50 ",1.5,"0.50 ","0.50 ","0.50 ","BerPect-4692",3,3
"277",14,0.7692,"9.1%","11.46 ","4.69 ","01:12 ","3,478 ","13,796 ","7.62 ","14% ","60% ","5.54 ","11.92 ","17.46 ","4.46 ",1.51,"0.77 ",1.15,"0.85 ","0.15 ","0.08 ","Limit-11490",11,3
"278",8,0.5,"16.7%","11.83 ","6.17 ","01:25 ","3,982 ","11,843 ","7.83 ","14% ","59% ","7.00 ","13.50 ","16.83 ","5.00 ",1.51,"0.67 ",1.5,"1.00 ","0.33 ","0.17 ","Limit-11490",4,4
"279",6,0.5,"0.0%","4.50 ","2.00 ","00:16 ","2,830 ","8,116 ","7.50 ","13% ","59% ","2.00 ","6.00 ","7.00 ","2.50 ",0.6,"0.50 ",0.5,"0.50 ","0.00 ","0.00 ","Limit-11490",3,3
"280",13,0.375,"7.8%","11.12 ","4.62 ","00:56 ","4,002 ","12,883 ","7.88 ","13% ","59% ","7.12 ","13.00 ","18.75 ","5.12 ",1.41,"0.62 ",1.12,"1.00 ","0.00 ","0.12 ","Limit-11490",5,8
"281",7,0.25,"8.0%","11.25 ","5.25 ","02:04 ","3,421 ","12,956 ","9.00 ","13% ","59% ","4.25 ","13.75 ","13.50 ","5.25 ",1.25,"0.25 ",2,"1.50 ","0.25 ","0.25 ","Limit-11490",2,5
"282",4,0.8571,"11.7%","11.00 ","3.57 ","00:48 ","2,952 ","12,388 ","5.00 ","13% ","59% ","3.71 ","11.71 ","17.29 ","4.00 ",2.2,"0.57 ",1.14,"0.86 ","0.00 ","0.14 ","Limit-11490",3,1
"283",8,0.6667,"16.2%","9.67 ","3.83 ","00:52 ","2,647 ","8,876 ","5.67 ","13% ","59% ","4.67 ","10.17 ","15.17 ","3.67 ",1.71,"0.50 ",1.33,"1.00 ","0.17 ","0.33 ","Limit-11490",5,3
"284",6,0.5,"14.9%","14.00 ","5.00 ","02:55 ","6,615 ","14,944 ","5.00 ","19% ","65% ","5.50 ","16.00 ","21.00 ","7.00 ",2.8,"0.50 ",2.5,"1.00 ","0.50 ","1.00 ","ddx-11435",3,3
"285",2,0.6667,"9.8%","8.00 ","2.67 ","00:27 ","4,431 ","8,733 ","7.00 ","19% ","64% ","5.67 ","11.33 ","14.67 ","7.00 ",1.14,"0.00 ",1,"1.00 ","0.00 ","0.33 ","ddx-11435",1,1
"286",3,0.2,"15.2%","16.20 ","6.00 ","01:11 ","5,980 ","13,314 ","10.00 ","24% ","63% ","8.80 ","13.20 ","17.60 ","3.40 ",1.62,"0.60 ",2.2,"0.80 ","0.60 ","0.80 ","Flankey-21844",1,2
"287",2,0.6667,"9.0%","13.33 ","4.00 ","01:20 ","4,306 ","11,592 ","8.67 ","24% ","63% ","9.67 ","11.00 ","15.00 ","2.67 ",1.54,"0.67 ",1.33,"1.00 ","0.00 ","0.33 ","Flankey-21844",1,1
"288",7,0.5,"18.4%","14.50 ","6.50 ","01:26 ","4,557 ","14,584 ","6.00 ","24% ","63% ","10.25 ","15.50 ","17.00 ","6.00 ",2.42,"0.50 ",2.5,"1.00 ","0.00 ","1.25 ","Flankey-21844",4,3
"289",3,1,"9.3%","16.60 ","6.80 ","01:14 ","3,837 ","12,457 ","5.60 ","24% ","63% ","6.80 ","13.40 ","17.40 ","4.80 ",2.96,"1.00 ",1.8,"1.20 ","0.40 ","0.20 ","Flankey-21844",3,0
"290",1,0,"11.2%","10.00 ","1.00 ","00:03 ","2,765 ","12,566 ","7.00 ","23% ","65% ","4.00 ","10.00 ","16.00 ","7.00 ",1.43,"1.00 ",0,"1.00 ","0.00 ","0.00 ","Peppermintse-1830",0,1
"291",8,0.3333,"10.3%","13.00 ","6.50 ","01:06 ","5,164 ","13,094 ","8.83 ","23% ","65% ","7.33 ","15.33 ","15.83 ","5.50 ",1.47,"0.33 ",1.83,"1.00 ","0.33 ","0.50 ","Peppermintse-1830",3,5
"292",7,0.75,"19.8%","15.25 ","4.25 ","00:31 ","4,880 ","9,999 ","5.00 ","23% ","65% ","6.50 ","13.50 ","16.50 ","4.50 ",3.05,"0.25 ",1.25,"0.50 ","0.50 ","0.25 ","Peppermintse-1830",5,2
"293",1,1,"35.1%","20.00 ","4.00 ","00:06 ","2,778 ","7,087 ","2.00 ","23% ","65% ","4.00 ","21.00 ","13.00 ","9.00 ",10,"0.00 ",2,"1.00 ","0.00 ","1.00 ","Peppermintse-1830",1,0
"294",1,1,"16.0%","2.00 ","1.00 ","00:07 ","1,866 ","3,477 ","3.00 ","23% ","65% ","2.00 ","4.00 ","7.00 ","2.00 ",0.67,"0.00 ",1,"1.00 ","0.00 ","1.00 ","Peppermintse-1830",1,0
"295",8,0.3333,"8.2%","11.83 ","4.67 ","00:29 ","4,187 ","8,529 ","5.17 ","22% ","63% ","6.17 ","9.83 ","13.17 ","2.33 ",2.29,"0.50 ",1.17,"0.67 ","0.17 ","0.17 ","Yipeekayay-1646",3,5
"296",12,0.6667,"10.3%","14.40 ","5.50 ","01:55 ","4,630 ","14,010 ","7.60 ","22% ","63% ","7.60 ","15.70 ","18.30 ","6.60 ",1.89,"0.90 ",1.4,"1.00 ","0.10 ","0.30 ","Yipeekayay-1646",8,4
"297",7,1,"7.0%","15.00 ","5.25 ","00:36 ","5,545 ","12,381 ","7.25 ","22% ","63% ","7.75 ","13.00 ","14.50 ","5.75 ",2.07,"0.50 ",1.75,"1.00 ","0.50 ","0.25 ","Yipeekayay-1646",7,0
"298",13,0.375,"8.2%","11.12 ","3.38 ","00:36 ","3,695 ","11,095 ","5.62 ","22% ","63% ","5.88 ","11.12 ","15.00 ","4.00 ",1.98,"0.75 ",1.12,"1.00 ","0.12 ","0.12 ","Yipeekayay-1646",5,8
"299",16,0.7143,"13.3%","14.21 ","4.79 ","00:48 ","4,166 ","12,173 ","7.57 ","22% ","63% ","7.00 ","13.71 ","17.36 ","5.07 ",1.88,"0.79 ",1.43,"0.79 ","0.21 ","0.43 ","Yipeekayay-1646",11,5
"300",13,0.875,"14.2%","20.50 ","7.62 ","00:53 ","5,686 ","11,802 ","7.00 ","22% ","63% ","8.38 ","18.12 ","19.75 ","5.38 ",2.93,"0.38 ",1.62,"0.75 ","0.38 ","0.38 ","Yipeekayay-1646",11,2
"301",3,0.4,"25.3%","21.20 ","7.80 ","01:18 ","8,316 ","19,373 ","10.00 ","23% ","60% ","12.20 ","20.20 ","26.80 ","7.20 ",2.12,"0.60 ",2,"1.20 ","0.20 ","0.60 ","yoztpetra-1391",1,2
"302",3,0.4,"23.7%","22.40 ","7.80 ","00:25 ","6,305 ","13,689 ","8.00 ","23% ","60% ","9.20 ","21.00 ","24.20 ","7.80 ",2.8,"0.80 ",1.2,"1.00 ","0.00 ","0.40 ","yoztpetra-1391",1,2
"303",3,0.6,"11.0%","8.40 ","2.00 ","00:47 ","3,090 ","7,796 ","6.00 ","23% ","60% ","5.60 ","9.20 ","11.40 ","3.00 ",1.4,"0.60 ",1.4,"0.80 ","0.00 ","0.20 ","yoztpetra-1391",2,1
"304",12,0.4,"14.0%","16.20 ","5.90 ","00:43 ","5,836 ","12,754 ","7.70 ","23% ","60% ","7.50 ","16.00 ","19.20 ","5.30 ",2.1,"0.40 ",1.4,"0.70 ","0.40 ","0.30 ","yoztpetra-1391",5,7
"305",3,1,"4.9%","14.40 ","4.60 ","00:27 ","4,957 ","13,294 ","6.00 ","23% ","60% ","6.40 ","15.20 ","15.60 ","6.00 ",2.4,"0.40 ",1.4,"1.00 ","0.40 ","0.00 ","yoztpetra-1391",3,0
"306",5,0.75,"11.7%","17.11 ","6.78 ","00:41 ","6,347 ","11,798 ","6.22 ","23% ","60% ","9.11 ","14.78 ","17.56 ","5.33 ",2.75,"0.56 ",1.33,"1.00 ","0.22 ","0.22 ","yoztpetra-1391",4,1
"307",3,0.4,"16.1%","15.20 ","4.60 ","00:54 ","5,266 ","9,293 ","6.00 ","22% ","60% ","6.20 ","12.00 ","12.60 ","3.60 ",2.53,"0.20 ",1.8,"0.80 ","0.00 ","0.80 ","yoztpetra-1391",1,2
"308",14,0.5,"15.4%","17.23 ","6.23 ","00:40 ","6,653 ","12,870 ","8.31 ","22% ","60% ","9.54 ","16.00 ","18.92 ","5.92 ",2.07,"0.46 ",1.23,"1.00 ","0.23 ","0.08 ","yoztpetra-1391",7,7
"309",1,0,"2.0%","14.00 ","1.00 ","00:17 ","5,416 ","11,336 ","16.00 ","22% ","60% ","10.00 ","14.00 ","7.00 ","4.00 ",0.88,"0.00 ",3,"1.00 ","1.00 ","1.00 ","yoztpetra-1391",0,1
"310",7,0.75,"37.3%","19.75 ","6.75 ","01:13 ","4,794 ","14,477 ","6.00 ","22% ","60% ","8.75 ","19.25 ","26.25 ","6.50 ",3.29,"0.75 ",1.5,"1.25 ","0.00 ","0.25 ","yoztpetra-1391",5,2
"311",13,0.375,"18.8%","10.62 ","4.12 ","00:31 ","4,534 ","11,558 ","5.38 ","22% ","60% ","7.00 ","11.12 ","12.75 ","3.38 ",1.98,"0.62 ",1.38,"0.88 ","0.00 ","0.38 ","yoztpetra-1391",5,8
"312",7,0.5,"15.7%","12.25 ","5.75 ","00:41 ","4,556 ","12,663 ","6.50 ","23% ","62% ","8.00 ","12.00 ","18.00 ","3.75 ",1.88,"0.75 ",1.25,"1.00 ","0.25 ","0.00 ","NemeanVision-2584",4,3
"313",2,0.3333,"13.8%","14.00 ","5.00 ","00:55 ","5,377 ","14,443 ","9.00 ","23% ","62% ","12.00 ","17.00 ","17.33 ","6.67 ",1.56,"0.67 ",1.67,"1.33 ","0.00 ","0.33 ","NemeanVision-2584",1,1
"314",7,0.75,"25.1%","16.25 ","9.50 ","01:07 ","5,915 ","12,119 ","6.25 ","23% ","62% ","9.75 ","16.75 ","23.75 ","7.00 ",2.6,"0.50 ",1,"1.00 ","0.00 ","0.00 ","NemeanVision-2584",5,2
"315",8,0.5,"23.8%","15.33 ","5.50 ","00:39 ","6,082 ","11,753 ","6.83 ","23% ","62% ","8.00 ","15.67 ","22.67 ","5.50 ",2.24,"0.33 ",1.33,"1.00 ","0.17 ","0.17 ","NemeanVision-2584",4,4
"316",7,0.75,"16.7%","22.00 ","6.00 ","00:34 ","7,140 ","15,286 ","5.75 ","23% ","62% ","9.75 ","17.75 ","24.75 ","4.75 ",3.83,"0.50 ",1.5,"0.75 ","0.50 ","0.25 ","NemeanVision-2584",5,2
"317",1,0,"18.4%","9.00 ","0.00 ","00:16 ","2,596 ","8,660 ","10.00 ","23% ","61% ","6.00 ","6.00 ","9.00 ","3.00 ",0.9,"1.00 ",1,"1.00 ","0.00 ","0.00 ","NemeanVision-2584",0,1
"318",4,0.7143,"7.6%","8.43 ","3.71 ","00:42 ","2,275 ","10,541 ","3.86 ","21% ","66% ","4.71 ","8.43 ","13.29 ","2.86 ",2.19,"0.86 ",1.29,"1.14 ","0.14 ","0.00 ","Venom-24634",3,1
"319",7,0.75,"7.4%","11.75 ","4.75 ","01:27 ","4,648 ","12,028 ","7.25 ","21% ","66% ","5.00 ","13.50 ","18.50 ","5.50 ",1.62,"0.50 ",1.75,"1.25 ","0.25 ","0.50 ","Venom-24634",5,2
"320",13,0.625,"22.1%","14.62 ","6.38 ","01:37 ","4,798 ","13,426 ","7.00 ","21% ","66% ","9.00 ","16.25 ","21.88 ","5.50 ",2.09,"0.62 ",1.38,"0.88 ","0.00 ","0.38 ","Venom-24634",8,5
"321",3,0.4,"14.6%","12.40 ","4.20 ","00:47 ","4,231 ","13,403 ","9.20 ","21% ","66% ","9.40 ","12.80 ","15.60 ","3.80 ",1.35,"0.80 ",1.6,"1.00 ","0.40 ","0.20 ","Venom-24634",1,2
"322",7,1,"37.0%","12.00 ","6.25 ","01:07 ","3,040 ","9,042 ","3.00 ","21% ","66% ","5.75 ","10.00 ","17.00 ","3.25 ",4,"1.00 ",2,"0.75 ","0.25 ","0.75 ","Venom-24634",7,0
"323",5,0.7778,"14.6%","15.44 ","7.33 ","01:17 ","4,892 ","14,679 ","8.00 ","21% ","66% ","7.22 ","16.22 ","21.78 ","6.33 ",1.93,"0.67 ",1.56,"0.78 ","0.44 ","0.44 ","Venom-24634",4,1
"324",1,1,"14.2%","15.00 ","6.00 ","01:49 ","4,749 ","11,781 ","4.00 ","17% ","63% ","8.00 ","11.00 ","19.00 ","3.00 ",3.75,"1.00 ",1,"1.00 ","0.00 ","0.00 ","LikeALuke-2918",1,0
"325",2,0.6667,"4.8%","13.33 ","6.67 ","00:50 ","4,037 ","13,255 ","6.67 ","17% ","63% ","5.67 ","11.33 ","14.67 ","5.33 ",2,"0.67 ",1.33,"1.00 ","0.00 ","0.33 ","LikeALuke-2918",1,1
"326",2,0.6667,"19.2%","19.67 ","8.00 ","01:19 ","5,292 ","14,288 ","9.00 ","17% ","63% ","8.67 ","17.33 ","22.33 ","8.00 ",2.19,"0.33 ",1.33,"0.67 ","0.33 ","0.00 ","LikeALuke-2918",1,1
"327",4,0.5714,"12.2%","12.57 ","5.86 ","01:52 ","5,307 ","15,219 ","8.43 ","17% ","63% ","8.57 ","14.71 ","19.57 ","5.29 ",1.49,"0.71 ",1.57,"1.00 ","0.57 ","0.00 ","LikeALuke-2918",2,2
"328",8,0.8333,"5.3%","9.50 ","3.17 ","01:11 ","3,874 ","10,762 ","7.67 ","17% ","63% ","6.00 ","10.17 ","18.33 ","4.17 ",1.24,"0.50 ",1.33,"1.00 ","0.33 ","0.17 ","LikeALuke-2918",7,1
"329",7,0.75,"5.7%","11.50 ","2.75 ","00:25 ","4,024 ","10,818 ","8.00 ","17% ","63% ","5.75 ","11.25 ","14.25 ","4.00 ",1.44,"0.50 ",1.75,"1.25 ","0.25 ","0.50 ","LikeALuke-2918",5,2
"330",7,0.75,"30.9%","20.50 ","7.25 ","01:01 ","5,661 ","14,936 ","6.00 ","23% ","59% ","10.75 ","18.75 ","20.25 ","5.25 ",3.42,"1.00 ",2.5,"1.50 ","0.50 ","0.25 ","Lutional-1373",5,2
"331",1,0,"0.0%","3.00 ","1.00 ","00:19 ","1,462 ","5,386 ","5.00 ","24% ","58% ","3.00 ","6.00 ","6.00 ","2.00 ",0.6,"0.00 ",0,"1.00 ","0.00 ","0.00 ","Lutional-1373",0,1
"332",7,0.6667,"31.8%","13.50 ","6.50 ","01:11 ","4,453 ","12,384 ","7.50 ","24% ","58% ","7.50 ","14.25 ","24.50 ","5.50 ",1.8,"0.75 ",1.5,"0.75 ","0.25 ","0.25 ","Lutional-1373",5,2
"333",5,0.6667,"19.8%","16.56 ","6.89 ","01:08 ","5,054 ","11,826 ","8.56 ","24% ","58% ","8.44 ","17.22 ","19.00 ","6.56 ",1.94,"0.44 ",2.33,"1.22 ","0.44 ","0.78 ","Lutional-1373",3,2
"334",6,1,"27.7%","13.00 ","5.00 ","00:15 ","3,282 ","10,734 ","5.50 ","24% ","59% ","8.00 ","12.50 ","16.50 ","3.50 ",2.36,"0.50 ",1.5,"1.00 ","0.50 ","0.00 ","Lutional-1373",6,0
"335",6,1,"4.3%","14.00 ","6.00 ","01:48 ","4,908 ","12,866 ","9.50 ","24% ","59% ","8.50 ","13.00 ","19.50 ","5.50 ",1.47,"0.50 ",1,"1.00 ","0.00 ","0.00 ","Lutional-1373",6,0
"336",1,0,"14.9%","9.00 ","3.00 ","00:14 ","5,006 ","5,566 ","6.00 ","23% ","62% ","12.00 ","5.00 ","9.00 ","0.00 ",1.5,"0.00 ",1,"0.00 ","0.00 ","0.00 ","ThatOneLance-1233",0,1
"337",6,1,"10.7%","16.00 ","7.50 ","00:50 ","3,666 ","13,192 ","7.50 ","23% ","61% ","8.00 ","18.00 ","29.50 ","7.00 ",2.13,"0.00 ",1,"0.50 ","0.50 ","0.00 ","ThatOneLance-1233",6,0
"338",5,1,"17.1%","16.00 ","6.78 ","01:02 ","4,150 ","11,772 ","4.78 ","23% ","62% ","6.67 ","18.00 ","22.00 ","8.33 ",3.35,"1.00 ",1.78,"1.44 ","0.00 ","0.33 ","ThatOneLance-1233",5,0
"339",13,0.75,"20.5%","14.38 ","5.25 ","01:21 ","4,492 ","11,205 ","6.25 ","23% ","62% ","8.38 ","12.38 ","15.75 ","4.75 ",2.3,"0.50 ",1.62,"0.75 ","0.25 ","0.50 ","ThatOneLance-1233",10,3
"340",3,0.6,"22.3%","14.20 ","5.20 ","00:46 ","3,948 ","7,795 ","5.00 ","23% ","62% ","7.40 ","12.60 ","12.20 ","4.40 ",2.84,"0.40 ",1.4,"0.60 ","0.80 ","0.20 ","ThatOneLance-1233",2,1
"341",14,0.5,"19.1%","14.77 ","6.00 ","00:48 ","4,737 ","10,074 ","7.23 ","23% ","62% ","8.08 ","14.62 ","15.08 ","6.15 ",2.04,"0.46 ",2.08,"1.00 ","0.54 ","0.54 ","ThatOneLance-1233",7,7
"342",13,0.375,"7.2%","12.75 ","4.62 ","00:56 ","5,838 ","15,231 ","9.00 ","24% ","68% ","6.25 ","11.75 ","19.88 ","4.50 ",1.42,"0.25 ",1.25,"0.75 ","0.38 ","0.12 ","Sepi-2412",5,8
"343",1,0,"0.0%","2.00 ","2.00 ","00:13 ","2,488 ","9,920 ","3.00 ","24% ","67% ","1.00 ","1.00 ","3.00 ","1.00 ",0.67,"1.00 ",2,"1.00 ","0.00 ","1.00 ","Sepi-2412",0,1
"344",7,1,"15.1%","13.00 ","6.00 ","00:59 ","4,843 ","10,694 ","4.50 ","24% ","67% ","5.50 ","13.75 ","14.50 ","6.50 ",2.89,"0.75 ",1.75,"1.00 ","0.25 ","0.50 ","Sepi-2412",7,0
"345",12,0.6667,"10.6%","11.00 ","4.10 ","00:44 ","5,294 ","9,834 ","7.00 ","24% ","67% ","5.80 ","10.70 ","12.20 ","4.00 ",1.57,"0.20 ",1.3,"0.80 ","0.40 ","0.10 ","Sepi-2412",8,4
"346",1,1,"39.2%","18.00 ","4.00 ","00:20 ","4,154 ","8,244 ","5.00 ","24% ","67% ","6.00 ","15.00 ","20.00 ","5.00 ",3.6,"0.00 ",1,"0.00 ","1.00 ","0.00 ","Sepi-2412",1,0
"347",6,0.5,"1.9%","6.00 ","1.00 ","00:33 ","3,174 ","7,172 ","6.00 ","24% ","67% ","4.50 ","6.50 ","11.00 ","1.50 ",1,"0.00 ",1,"0.50 ","0.00 ","0.50 ","Sepi-2412",3,3
"348",4,0.5714,"7.7%","9.14 ","2.43 ","00:23 ","4,612 ","8,889 ","5.29 ","24% ","67% ","5.57 ","8.86 ","11.86 ","3.71 ",1.73,"0.57 ",1.86,"1.00 ","0.57 ","0.14 ","Sepi-2412",2,2
"349",2,0.3333,"4.4%","13.67 ","5.00 ","01:27 ","4,801 ","13,235 ","12.00 ","24% ","67% ","4.33 ","13.00 ","17.33 ","4.67 ",1.14,"0.67 ",1.67,"1.00 ","0.67 ","0.33 ","Sepi-2412",1,1
"350",2,1,"15.0%","16.33 ","7.33 ","00:51 ","5,399 ","14,105 ","3.33 ","24% ","67% ","5.00 ","14.00 ","16.33 ","5.00 ",4.9,"0.67 ",1.67,"1.00 ","0.00 ","0.67 ","Sepi-2412",2,0
"351",6,1,"16.7%","17.50 ","10.50 ","00:42 ","7,254 ","9,408 ","7.00 ","24% ","67% ","8.50 ","16.00 ","13.50 ","7.00 ",2.5,"0.50 ",1.5,"0.50 ","0.00 ","1.00 ","Sepi-2412",6,0
"352",13,0.625,"14.3%","21.62 ","8.88 ","01:34 ","7,777 ","14,012 ","9.62 ","24% ","67% ","8.00 ","18.88 ","22.12 ","7.00 ",2.25,"0.75 ",1.38,"1.00 ","0.12 ","0.25 ","Sepi-2412",8,5
"353",8,0.8333,"16.6%","14.67 ","6.33 ","01:15 ","5,079 ","13,118 ","7.33 ","21% ","60% ","6.83 ","15.17 ","19.67 ","6.33 ",2,"0.67 ",2,"1.33 ","0.33 ","0.33 ","Minder-21434",7,1
"354",1,0,"5.5%","17.00 ","4.00 ","03:06 ","5,241 ","17,128 ","14.00 ","22% ","60% ","9.00 ","14.00 ","18.00 ","6.00 ",1.21,"1.00 ",2,"1.00 ","1.00 ","0.00 ","Minder-21434",0,1
"355",6,0.5,"0.0%","13.00 ","4.50 ","01:02 ","4,784 ","10,175 ","9.00 ","22% ","60% ","4.50 ","13.00 ","17.00 ","3.50 ",1.44,"0.50 ",1,"0.50 ","0.00 ","0.50 ","Minder-21434",3,3
"356",7,0.75,"20.4%","12.25 ","5.50 ","01:01 ","3,672 ","10,334 ","6.00 ","22% ","60% ","5.25 ","13.00 ","19.50 ","5.25 ",2.04,"0.00 ",2,"0.75 ","0.75 ","0.25 ","Minder-21434",5,2
"357",1,0,"26.6%","34.00 ","18.00 ","02:50 ","7,934 ","16,849 ","8.00 ","22% ","61% ","9.00 ","21.00 ","28.00 ","9.00 ",4.25,"0.00 ",1,"1.00 ","0.00 ","0.00 ","Minder-21434",0,1
"358",2,0.6667,"29.5%","15.00 ","7.33 ","01:14 ","3,819 ","7,538 ","7.00 ","22% ","61% ","5.67 ","12.67 ","14.33 ","3.67 ",2.14,"0.67 ",1.67,"0.67 ","0.33 ","0.67 ","Minder-21434",1,1
"359",6,1,"18.0%","13.00 ","3.00 ","00:08 ","3,464 ","8,214 ","5.50 ","26% ","59% ","6.00 ","11.00 ","17.50 ","3.00 ",2.36,"0.50 ",1,"0.50 ","0.50 ","0.00 ","wildpokemon-21721",6,0
"360",1,0,"0.0%","6.00 ","2.00 ","00:31 ","2,546 ","6,709 ","6.00 ","26% ","59% ","4.00 ","5.00 ","5.00 ","2.00 ",1,"0.00 ",2,"0.00 ","1.00 ","0.00 ","wildpokemon-21721",0,1
"361",6,1,"13.2%","28.50 ","6.50 ","00:43 ","7,552 ","10,437 ","11.00 ","26% ","59% ","10.00 ","23.50 ","12.50 ","6.50 ",2.59,"0.50 ",1,"0.00 ","0.50 ","0.50 ","wildpokemon-21721",6,0
"362",3,0.8,"7.1%","8.80 ","4.00 ","00:23 ","3,493 ","8,750 ","3.40 ","26% ","59% ","3.40 ","7.40 ","11.20 ","3.00 ",2.59,"0.40 ",1.4,"1.00 ","0.20 ","0.40 ","wildpokemon-21721",2,1
"363",12,0.5,"14.1%","17.60 ","7.40 ","00:50 ","6,641 ","11,039 ","8.10 ","26% ","59% ","6.70 ","14.30 ","16.80 ","5.20 ",2.17,"0.30 ",1.3,"0.90 ","0.00 ","0.20 ","wildpokemon-21721",6,6
"364",13,0.5,"7.7%","13.38 ","4.62 ","01:03 ","5,208 ","12,085 ","8.75 ","26% ","59% ","7.50 ","11.75 ","14.38 ","4.50 ",1.53,"0.12 ",1.25,"0.88 ","0.12 ","0.38 ","wildpokemon-21721",6,7
"365",3,0.8,"18.7%","14.20 ","5.20 ","00:49 ","5,620 ","15,131 ","6.40 ","27% ","63% ","7.20 ","16.40 ","22.40 ","7.80 ",2.22,"0.60 ",1.2,"0.80 ","0.40 ","0.00 ","mL7-21877",2,1
"366",7,0.5,"29.2%","15.00 ","5.00 ","00:41 ","4,894 ","15,387 ","5.75 ","27% ","63% ","6.25 ","18.25 ","21.75 ","7.50 ",2.61,"0.75 ",1.5,"0.75 ","0.00 ","0.50 ","mL7-21877",4,3
"367",5,0.6667,"15.3%","18.56 ","6.00 ","00:46 ","5,810 ","12,601 ","5.89 ","28% ","63% ","7.44 ","15.00 ","18.78 ","5.67 ",3.15,"0.78 ",1.56,"1.11 ","0.11 ","0.44 ","mL7-21877",3,2
"368",16,0.4286,"15.1%","14.50 ","4.50 ","00:43 ","4,084 ","9,659 ","5.93 ","27% ","63% ","4.93 ","12.29 ","15.29 ","5.29 ",2.45,"0.43 ",1.36,"0.93 ","0.07 ","0.36 ","mL7-21877",7,9
"369",18,0.8182,"16.0%","17.58 ","6.42 ","00:54 ","5,211 ","14,622 ","7.08 ","27% ","63% ","8.33 ","18.25 ","20.67 ","8.67 ",2.48,"0.92 ",1.08,"1.00 ","0.00 ","0.08 ","mL7-21877",15,3
"370",4,0.7143,"23.3%","10.86 ","3.29 ","00:18 ","2,882 ","9,341 ","4.43 ","28% ","63% ","5.29 ","9.43 ","13.00 ","4.57 ",2.45,"0.71 ",1.43,"1.14 ","0.00 ","0.29 ","mL7-21877",3,1
"371",6,0.5,"21.6%","14.50 ","5.50 ","00:26 ","5,426 ","7,950 ","9.00 ","28% ","62% ","8.00 ","11.00 ","13.00 ","1.50 ",1.61,"0.50 ",2,"0.50 ","0.50 ","1.00 ","SirMajed-2498",3,3
"372",13,1,"25.7%","19.62 ","7.25 ","01:22 ","6,216 ","11,067 ","7.38 ","28% ","62% ","10.25 ","18.75 ","20.25 ","4.75 ",2.66,"0.50 ",2.12,"0.88 ","0.62 ","0.62 ","SirMajed-2498",13,0
"373",2,0.6667,"31.4%","19.33 ","5.67 ","00:36 ","6,051 ","11,106 ","7.00 ","28% ","62% ","9.00 ","17.33 ","18.33 ","6.00 ",2.76,"0.33 ",1,"0.33 ","0.67 ","0.00 ","SirMajed-2498",1,1
"374",7,0.5,"30.1%","18.00 ","5.50 ","00:31 ","4,782 ","8,344 ","6.00 ","28% ","62% ","9.50 ","17.75 ","14.25 ","7.00 ",3,"0.50 ",1.75,"1.25 ","0.25 ","0.25 ","SirMajed-2498",4,3
"375",2,0.3333,"13.1%","11.67 ","3.33 ","00:29 ","4,433 ","8,879 ","9.67 ","28% ","62% ","9.00 ","11.33 ","11.67 ","3.00 ",1.21,"0.33 ",1,"1.00 ","0.00 ","0.00 ","SirMajed-2498",1,1
"376",4,0.6667,"20.8%","19.14 ","6.57 ","01:07 ","6,024 ","11,104 ","8.86 ","28% ","62% ","10.43 ","17.57 ","18.29 ","6.43 ",2.16,"0.71 ",1.86,"0.57 ","0.43 ","0.86 ","SirMajed-2498",3,1
"377",2,1,"31.9%","26.33 ","7.67 ","01:43 ","6,621 ","21,057 ","7.33 ","26% ","66% ","7.00 ","27.33 ","32.67 ","10.00 ",3.59,"1.33 ",1.33,"1.00 ","0.00 ","0.00 ","uNKOE",2,0
"378",2,1,"52.2%","19.33 ","13.00 ","01:56 ","4,063 ","6,946 ","1.33 ","27% ","65% ","3.67 ","18.00 ","23.00 ","7.33 ",14.5,"0.33 ",2,"1.33 ","0.33 ","0.33 ","uNKOE",2,0
"379",6,1,"21.3%","17.50 ","7.00 ","02:29 ","5,852 ","19,735 ","7.00 ","26% ","65% ","8.50 ","26.50 ","31.00 ","14.00 ",2.5,"1.00 ",1.5,"1.50 ","0.00 ","0.50 ","uNKOE",6,0
"380",7,1,"10.3%","12.75 ","5.00 ","00:29 ","4,922 ","9,950 ","4.25 ","27% ","65% ","5.00 ","14.25 ","13.25 ","5.00 ",3,"0.75 ",1.75,"1.00 ","0.25 ","0.50 ","uNKOE",7,0
"381",2,1,"31.7%","12.33 ","6.00 ","00:55 ","3,946 ","8,880 ","4.67 ","26% ","65% ","6.33 ","16.33 ","22.33 ","6.67 ",2.64,"0.33 ",1.33,"0.67 ","0.33 ","0.33 ","uNKOE",2,0
"382",7,1,"7.4%","15.50 ","3.25 ","01:01 ","5,121 ","14,178 ","6.50 ","26% ","65% ","6.50 ","19.00 ","22.00 ","9.00 ",2.38,"0.75 ",0.75,"0.75 ","0.00 ","0.00 ","uNKOE",7,0
"383",2,0.6667,"7.8%","10.67 ","5.33 ","01:22 ","3,713 ","11,916 ","9.67 ","23% ","63% ","5.67 ","13.00 ","17.67 ","6.00 ",1.1,"0.33 ",1,"0.67 ","0.33 ","0.33 ","Coelum-21856",1,1
"384",1,1,"31.5%","34.00 ","12.00 ","02:32 ","9,968 ","28,261 ","14.00 ","23% ","63% ","14.00 ","40.00 ","52.00 ","15.00 ",2.43,"1.00 ",2,"2.00 ","0.00 ","0.00 ","Coelum-21856",1,0
"385",7,0.5,"15.7%","13.50 ","4.75 ","01:29 ","5,202 ","10,060 ","6.75 ","23% ","63% ","6.50 ","12.50 ","14.75 ","2.75 ",2,"0.75 ",1.25,"0.75 ","0.25 ","0.25 ","Coelum-21856",4,3
"386",1,0,"0.0%","13.00 ","1.00 ","00:07 ","4,365 ","11,080 ","4.00 ","23% ","63% ","9.00 ","6.00 ","12.00 ","1.00 ",3.25,"1.00 ",2,"1.00 ","1.00 ","0.00 ","Coelum-21856",0,1
"387",2,1,"18.5%","17.33 ","7.00 ","00:41 ","5,886 ","13,278 ","7.67 ","23% ","63% ","6.33 ","19.00 ","19.33 ","8.33 ",2.26,"0.67 ",1.33,"1.00 ","0.00 ","0.67 ","Coelum-21856",2,0
"388",14,0.5385,"18.4%","13.69 ","6.00 ","00:55 ","4,558 ","10,928 ","6.38 ","23% ","63% ","5.54 ","13.00 ","16.31 ","6.31 ",2.14,"0.62 ",1.62,"1.00 ","0.23 ","0.31 ","Coelum-21856",8,6
"389",2,0.6667,"23.1%","12.33 ","5.00 ","00:26 ","3,967 ","12,756 ","4.33 ","23% ","61% ","2.67 ","13.33 ","22.00 ","6.00 ",2.85,"1.00 ",2,"1.00 ","0.33 ","0.67 ","Mohr-11575",1,1
"390",27,0.4878,"15.3%","15.93 ","6.34 ","01:04 ","6,317 ","12,375 ","7.76 ","23% ","61% ","6.61 ","15.10 ","18.41 ","6.12 ",2.05,"0.54 ",1.56,"0.85 ","0.29 ","0.44 ","Mohr-11575",13,14
"391",6,1,"29.7%","21.50 ","8.00 ","02:35 ","8,482 ","9,309 ","9.50 ","23% ","60% ","9.00 ","20.00 ","18.50 ","5.50 ",2.26,"0.00 ",2,"1.00 ","1.00 ","0.00 ","Mohr-11575",6,0
"392",8,0.3333,"14.5%","17.17 ","6.33 ","01:27 ","7,492 ","12,751 ","9.50 ","23% ","60% ","8.00 ","15.67 ","17.00 ","5.00 ",1.81,"0.50 ",1.5,"1.00 ","0.33 ","0.33 ","Mohr-11575",3,5
"393",4,0.7143,"13.1%","13.43 ","4.29 ","00:40 ","5,670 ","12,483 ","5.43 ","23% ","60% ","6.86 ","14.29 ","17.57 ","5.71 ",2.47,"0.71 ",1.14,"1.00 ","0.00 ","0.14 ","Mohr-11575",3,1
"394",2,0.6667,"17.3%","19.67 ","8.00 ","00:47 ","6,576 ","11,805 ","7.33 ","25% ","61% ","6.00 ","15.67 ","20.67 ","7.00 ",2.68,"1.00 ",1.33,"0.67 ","0.00 ","0.33 ","Mohr-11575",1,1
"395",6,0,"4.0%","11.50 ","2.00 ","00:52 ","4,274 ","14,090 ","7.00 ","24% ","58% ","3.50 ","10.50 ","10.50 ","3.00 ",1.64,"0.50 ",2.5,"1.00 ","0.50 ","1.00 ","Kaas-21883",0,6
"396",1,1,"0.8%","26.00 ","12.00 ","00:50 ","6,728 ","12,148 ","8.00 ","24% ","58% ","6.00 ","17.00 ","23.00 ","7.00 ",3.25,"0.00 ",1,"1.00 ","0.00 ","0.00 ","Kaas-21883",1,0
"397",1,1,"0.0%","17.00 ","2.00 ","00:53 ","4,091 ","9,459 ","2.00 ","24% ","58% ","3.00 ","11.00 ","11.00 ","6.00 ",8.5,"0.00 ",1,"1.00 ","0.00 ","0.00 ","Kaas-21883",1,0
"398",2,0.6667,"7.4%","14.67 ","5.67 ","01:29 ","5,418 ","13,979 ","6.67 ","24% ","58% ","5.33 ","14.00 ","16.33 ","4.33 ",2.2,"0.67 ",1,"0.67 ","0.33 ","0.00 ","Kaas-21883",1,1
"399",13,0.75,"14.9%","11.38 ","2.38 ","00:28 ","3,469 ","9,521 ","6.38 ","24% ","58% ","3.50 ","9.88 ","12.25 ","4.25 ",1.78,"0.50 ",1.25,"0.75 ","0.38 ","0.12 ","Kaas-21883",10,3
"400",1,1,"34.4%","25.00 ","16.00 ","02:16 ","4,962 ","17,606 ","2.00 ","24% ","58% ","5.00 ","27.00 ","42.00 ","13.00 ",12.5,"1.00 ",1,"1.00 ","0.00 ","0.00 ","Kaas-21883",1,0
"401",6,0.5,"27.8%","19.00 ","6.00 ","00:42 ","6,329 ","13,569 ","10.50 ","29% ","66% ","8.50 ","20.50 ","22.50 ","7.50 ",1.81,"0.00 ",2,"1.00 ","1.00 ","0.00 ","Andrew-16858",3,3
"402",8,0.5,"15.8%","13.67 ","5.17 ","00:32 ","4,831 ","8,566 ","7.33 ","29% ","66% ","5.50 ","13.50 ","15.50 ","5.83 ",1.86,"0.67 ",1.83,"0.83 ","0.50 ","0.33 ","Andrew-16858",4,4
"403",6,1,"13.8%","17.50 ","10.50 ","02:40 ","5,232 ","10,258 ","6.00 ","29% ","66% ","7.00 ","12.50 ","16.50 ","4.00 ",2.92,"1.00 ",2.5,"1.50 ","0.50 ","1.00 ","Andrew-16858",6,0
"404",3,0.8,"6.7%","17.60 ","7.00 ","01:19 ","4,744 ","12,530 ","8.40 ","29% ","66% ","5.20 ","15.20 ","17.20 ","4.60 ",2.1,"0.60 ",1.8,"0.60 ","0.60 ","0.40 ","Andrew-16858",2,1
"405",4,0.1429,"12.8%","12.71 ","6.00 ","01:34 ","5,848 ","10,194 ","9.14 ","29% ","66% ","5.29 ","11.71 ","12.71 ","3.57 ",1.39,"0.00 ",1.86,"0.71 ","0.71 ","0.43 ","Andrew-16858",1,3
"406",3,1,"15.8%","14.00 ","4.40 ","00:44 ","4,502 ","10,433 ","4.80 ","28% ","66% ","4.40 ","11.40 ","17.00 ","5.00 ",2.92,"0.60 ",1.2,"0.80 ","0.20 ","0.20 ","Andrew-16858",3,0
"407",1,1,"7.0%","13.00 ","5.00 ","01:33 ","4,188 ","19,364 ","6.00 ","20% ","58% ","6.00 ","8.00 ","23.00 ","4.00 ",2.17,"1.00 ",1,"1.00 ","0.00 ","0.00 ","Ruchika-11306",1,0
"408",7,0.75,"14.6%","12.00 ","5.25 ","00:51 ","5,001 ","11,563 ","10.75 ","20% ","58% ","9.50 ","15.00 ","15.00 ","4.25 ",1.12,"0.75 ",1,"1.00 ","0.00 ","0.00 ","Ruchika-11306",5,2
"409",6,0,"14.4%","7.50 ","2.00 ","00:50 ","2,156 ","8,416 ","5.00 ","20% ","58% ","5.00 ","9.00 ","12.50 ","4.50 ",1.5,"0.50 ",1.5,"0.50 ","1.00 ","0.00 ","Ruchika-11306",0,6
"410",2,0.6667,"14.4%","9.67 ","6.00 ","01:00 ","2,882 ","9,862 ","5.33 ","19% ","63% ","5.67 ","12.67 ","14.67 ","4.00 ",1.81,"0.67 ",2.33,"0.67 ","1.67 ","0.00 ","Kura-11116",1,1
"411",6,0.5,"15.4%","10.00 ","4.00 ","00:30 ","3,730 ","10,358 ","6.00 ","20% ","63% ","6.00 ","10.00 ","18.50 ","2.50 ",1.67,"1.00 ",1,"0.50 ","0.00 ","0.00 ","Kura-11116",3,3
"412",1,1,"14.6%","13.00 ","3.00 ","00:24 ","3,616 ","13,467 ","7.00 ","19% ","63% ","11.00 ","15.00 ","19.00 ","4.00 ",1.86,"1.00 ",1,"1.00 ","0.00 ","0.00 ","Kura-11116",1,0
"413",7,0.6667,"7.7%","11.25 ","4.00 ","00:50 ","5,651 ","16,117 ","10.75 ","20% ","63% ","9.75 ","14.00 ","20.00 ","6.00 ",1.05,"0.50 ",1.25,"1.00 ","0.00 ","0.25 ","Kura-11116",5,2
"414",6,1,"12.9%","15.00 ","6.00 ","01:19 ","4,691 ","14,034 ","7.50 ","20% ","63% ","8.50 ","17.00 ","17.50 ","9.50 ",2,"0.00 ",1.5,"1.00 ","0.50 ","0.00 ","Kura-11116",6,0
"415",2,1,"7.2%","10.33 ","5.33 ","01:32 ","3,435 ","7,851 ","3.00 ","20% ","63% ","7.33 ","10.33 ","14.67 ","3.00 ",3.44,"0.33 ",2,"0.67 ","1.00 ","0.33 ","Kura-11116",2,0
"416",1,0,"0.0%","2.00 ","0.00 ","00:00 ","1,836 ","3,948 ","4.00 ","26% ","61% ","2.00 ","0.00 ","5.00 ","0.00 ",0.5,"0.00 ",1,"0.00 ","0.00 ","2.00 ","Envoy-11368",0,1
"417",1,1,"2.1%","14.00 ","4.00 ","00:21 ","6,815 ","8,852 ","14.00 ","26% ","61% ","9.00 ","16.00 ","14.00 ","7.00 ",1,"0.00 ",1,"1.00 ","0.00 ","0.00 ","Envoy-11368",1,0
"418",8,0.5,"8.3%","16.83 ","4.83 ","00:32 ","5,602 ","11,393 ","6.00 ","26% ","61% ","5.67 ","14.33 ","17.17 ","3.83 ",2.81,"0.17 ",1.5,"0.83 ","0.17 ","0.50 ","Envoy-11368",4,4
"419",14,0.6154,"13.4%","14.92 ","5.38 ","01:01 ","6,020 ","15,135 ","7.31 ","26% ","61% ","7.54 ","17.00 ","20.31 ","7.00 ",2.04,"0.69 ",1.23,"0.92 ","0.23 ","0.08 ","Envoy-11368",9,5
"420",18,0.6667,"16.4%","17.25 ","7.17 ","00:51 ","6,188 ","9,552 ","6.08 ","27% ","61% ","7.08 ","14.25 ","16.83 ","4.83 ",2.84,"0.50 ",1.67,"0.58 ","0.33 ","0.67 ","Envoy-11368",12,6
"421",9,0.2727,"20.6%","14.00 ","4.27 ","00:32 ","6,045 ","10,625 ","7.55 ","27% ","61% ","7.64 ","13.64 ","17.45 ","4.73 ",1.86,"0.45 ",1.27,"1.00 ","0.18 ","0.18 ","Envoy-11368",2,7
"422",4,0.7143,"10.8%","17.14 ","6.57 ","01:02 ","7,137 ","13,025 ","9.43 ","27% ","61% ","9.14 ","14.43 ","17.71 ","4.57 ",1.82,"0.29 ",1,"0.86 ","0.14 ","0.00 ","Envoy-11368",3,1
"423",6,0.5,"2.5%","10.50 ","2.50 ","00:13 ","4,357 ","6,255 ","5.00 ","22% ","62% ","7.00 ","12.50 ","7.00 ","6.50 ",2.1,"0.50 ",1,"0.50 ","0.50 ","0.00 ","HUONOPELAAJA-21279",3,3
"424",1,1,"11.2%","15.00 ","9.00 ","00:30 ","5,183 ","8,623 ","3.00 ","22% ","62% ","6.00 ","14.00 ","14.00 ","4.00 ",5,"1.00 ",2,"1.00 ","0.00 ","1.00 ","HUONOPELAAJA-21279",1,0
"425",7,0.5,"26.6%","15.00 ","7.75 ","00:54 ","4,044 ","11,066 ","5.75 ","22% ","62% ","7.50 ","13.50 ","18.00 ","5.00 ",2.61,"0.00 ",1.25,"1.00 ","0.25 ","0.25 ","HUONOPELAAJA-21279",4,3
"426",12,0.6,"10.0%","13.80 ","4.40 ","00:40 ","5,319 ","11,656 ","6.20 ","23% ","62% ","8.30 ","12.60 ","16.40 ","4.30 ",2.23,"0.40 ",1.4,"0.80 ","0.20 ","0.20 ","HUONOPELAAJA-21279",7,5
"427",2,0.6667,"17.2%","15.33 ","6.33 ","01:04 ","5,049 ","14,964 ","6.00 ","23% ","62% ","7.00 ","13.00 ","21.33 ","5.00 ",2.56,"0.67 ",1.67,"1.00 ","0.00 ","1.00 ","HUONOPELAAJA-21279",1,1
"428",14,0.5385,"18.4%","17.54 ","6.00 ","00:39 ","6,158 ","11,524 ","6.85 ","23% ","62% ","7.62 ","16.92 ","17.31 ","6.31 ",2.56,"0.54 ",1.31,"0.92 ","0.23 ","0.15 ","HUONOPELAAJA-21279",8,6
"429",6,0.5,"0.0%","8.00 ","3.00 ","00:33 ","3,008 ","6,548 ","6.50 ","22% ","62% ","3.50 ","5.50 ","8.50 ","1.50 ",1.23,"0.00 ",1,"0.50 ","1.00 ","0.00 ","Skairipa-2391",3,3
"430",6,0.5,"15.0%","15.00 ","4.00 ","00:20 ","4,324 ","9,006 ","7.00 ","22% ","62% ","6.00 ","15.00 ","10.50 ","7.00 ",2.14,"1.00 ",2,"1.00 ","0.00 ","0.50 ","Skairipa-2391",3,3
"431",7,0.6667,"26.3%","18.25 ","8.00 ","01:31 ","5,549 ","18,337 ","8.75 ","22% ","62% ","7.50 ","18.25 ","22.00 ","5.00 ",2.09,"0.75 ",2,"1.00 ","0.00 ","1.25 ","Skairipa-2391",5,2
"432",21,0.6111,"17.8%","15.89 ","5.50 ","01:01 ","5,168 ","11,681 ","7.78 ","22% ","62% ","7.67 ","16.44 ","18.39 ","6.61 ",2.04,"0.50 ",1.17,"0.83 ","0.11 ","0.17 ","Skairipa-2391",13,8
"433",13,0.375,"13.9%","15.75 ","4.75 ","00:55 ","4,444 ","14,107 ","6.00 ","22% ","62% ","6.38 ","14.88 ","17.00 ","5.62 ",2.62,"0.62 ",1.62,"1.12 ","0.25 ","0.25 ","Skairipa-2391",5,8
"434",28,0.5,"14.4%","14.25 ","4.83 ","01:01 ","4,379 ","12,766 ","6.96 ","23% ","63% ","6.88 ","13.54 ","17.79 ","5.04 ",2.05,"0.67 ",1.54,"0.92 ","0.25 ","0.38 ","Skairipa-2391",14,14
"435",1,0,"28.9%","19.00 ","8.00 ","01:43 ","5,946 ","16,359 ","8.00 ","21% ","57% ","5.00 ","19.00 ","31.00 ","6.00 ",2.38,"1.00 ",2,"1.00 ","0.00 ","1.00 ","Wallace-21634",0,1
"436",7,0.25,"6.0%","7.75 ","2.75 ","00:30 ","4,236 ","6,644 ","10.50 ","22% ","57% ","6.25 ","7.50 ","8.50 ","1.75 ",0.74,"0.00 ",1.5,"0.00 ","1.25 ","0.25 ","Wallace-21634",2,5
"437",1,1,"30.9%","19.00 ","10.00 ","03:24 ","6,376 ","14,622 ","11.00 ","22% ","57% ","10.00 ","18.00 ","21.00 ","3.00 ",1.73,"0.00 ",2,"2.00 ","0.00 ","1.00 ","Wallace-21634",1,0
"438",1,0,"20.1%","26.00 ","16.00 ","01:26 ","6,736 ","11,082 ","14.00 ","21% ","57% ","9.00 ","22.00 ","19.00 ","8.00 ",1.86,"0.00 ",1,"1.00 ","0.00 ","0.00 ","Wallace-21634",0,1
"439",6,1,"42.8%","22.50 ","10.00 ","01:08 ","6,628 ","8,065 ","3.00 ","21% ","57% ","9.50 ","20.00 ","14.00 ","8.00 ",7.5,"0.50 ",4,"2.00 ","1.00 ","1.00 ","Wallace-21634",6,0
"440",6,1,"16.8%","12.00 ","5.50 ","01:08 ","5,753 ","12,104 ","6.00 ","21% ","57% ","8.50 ","11.00 ","16.00 ","5.50 ",2,"0.50 ",2.5,"1.00 ","0.50 ","1.00 ","Wallace-21634",6,0
"441",12,0.5556,"15.6%","12.50 ","6.00 ","01:06 ","4,818 ","13,635 ","8.20 ","18% ","54% ","5.70 ","14.10 ","20.40 ","5.50 ",1.52,"0.50 ",1.3,"1.00 ","0.10 ","0.30 ","KarQ-1811",7,5
"442",5,0.5556,"13.0%","16.44 ","6.67 ","01:31 ","6,332 ","13,222 ","9.78 ","18% ","54% ","7.22 ","16.56 ","21.89 ","7.11 ",1.68,"0.44 ",1.22,"0.78 ","0.22 ","0.11 ","KarQ-1811",3,2
"443",4,0.5714,"20.9%","17.29 ","8.57 ","01:42 ","7,476 ","12,510 ","7.14 ","18% ","54% ","6.71 ","18.14 ","19.00 ","7.57 ",2.42,"0.14 ",2.29,"1.14 ","0.43 ","0.71 ","KarQ-1811",2,2
"444",4,0.5714,"12.6%","13.00 ","4.29 ","01:08 ","4,442 ","14,180 ","8.86 ","18% ","54% ","4.86 ","12.14 ","20.57 ","5.29 ",1.47,"0.57 ",1.43,"1.00 ","0.00 ","0.57 ","KarQ-1811",2,2
"445",8,0.6667,"25.2%","16.67 ","6.00 ","01:03 ","5,591 ","13,722 ","6.00 ","18% ","54% ","5.83 ","15.67 ","24.17 ","5.17 ",2.78,"0.83 ",1,"0.67 ","0.00 ","0.00 ","KarQ-1811",5,3
"446",21,0.5556,"12.1%","12.11 ","4.56 ","00:56 ","4,399 ","10,784 ","7.94 ","18% ","54% ","4.72 ","12.78 ","16.00 ","5.83 ",1.52,"0.39 ",1.39,"0.94 ","0.28 ","0.28 ","KarQ-1811",12,9
"447",8,0.8333,"16.9%","18.17 ","8.17 ","01:46 ","4,790 ","10,533 ","8.17 ","23% ","61% ","8.67 ","13.67 ","20.33 ","5.83 ",2.22,"0.33 ",1.83,"0.33 ","0.83 ","0.67 ","Huminater-2286",7,1
"448",2,0.6667,"11.3%","10.00 ","4.67 ","01:00 ","3,193 ","9,753 ","6.67 ","23% ","61% ","6.00 ","11.33 ","11.67 ","4.67 ",1.5,"0.67 ",1.67,"1.00 ","0.67 ","0.00 ","Huminater-2286",1,1
"449",2,0.6667,"11.4%","17.33 ","5.67 ","01:00 ","5,470 ","11,378 ","7.67 ","23% ","61% ","5.00 ","13.67 ","19.67 ","4.00 ",2.26,"1.00 ",1.33,"1.00 ","0.33 ","0.00 ","Huminater-2286",1,1
"450",6,0,"14.2%","13.00 ","5.00 ","00:18 ","5,059 ","8,677 ","9.50 ","23% ","61% ","8.00 ","9.50 ","8.00 ","2.00 ",1.37,"0.00 ",2.5,"1.00 ","1.00 ","0.00 ","Huminater-2286",0,6
"451",2,0.6667,"2.8%","9.67 ","3.00 ","01:23 ","5,260 ","11,946 ","9.33 ","23% ","61% ","7.33 ","13.33 ","17.00 ","4.67 ",1.04,"0.33 ",1,"1.00 ","0.33 ","0.33 ","Huminater-2286",1,1
"452",8,0.3333,"32.7%","12.50 ","6.00 ","01:04 ","4,617 ","11,813 ","5.50 ","23% ","61% ","6.67 ","12.17 ","18.67 ","4.50 ",2.27,"0.50 ",1.5,"0.67 ","0.33 ","0.17 ","Huminater-2286",3,5
"453",29,0.6286,"18.0%","16.89 ","6.37 ","01:01 ","5,656 ","13,505 ","7.14 ","25% ","60% ","5.57 ","16.26 ","19.86 ","6.46 ",2.36,"0.71 ",1.34,"0.94 ","0.09 ","0.26 ","FRANA-11381",18,11
"454",2,0.6667,"2.9%","9.00 ","2.33 ","00:47 ","3,686 ","9,356 ","4.67 ","26% ","60% ","4.67 ","10.00 ","9.00 ","3.67 ",1.93,"0.67 ",1,"1.33 ","0.00 ","0.00 ","FRANA-11381",1,1
"455",14,0.6154,"18.1%","15.08 ","6.69 ","00:55 ","5,095 ","10,971 ","7.31 ","26% ","60% ","6.23 ","13.77 ","17.15 ","4.92 ",2.06,"0.54 ",1.77,"1.00 ","0.38 ","0.38 ","FRANA-11381",9,5
"456",5,0.3333,"14.7%","11.56 ","2.78 ","01:05 ","4,952 ","10,812 ","7.22 ","27% ","60% ","6.22 ","12.33 ","14.78 ","5.33 ",1.6,"0.44 ",1.11,"0.78 ","0.22 ","0.22 ","FRANA-11381",2,3
"457",8,0.6667,"3.1%","10.33 ","3.00 ","00:31 ","4,294 ","8,011 ","6.17 ","27% ","60% ","5.50 ","9.17 ","9.83 ","3.33 ",1.68,"0.33 ",1.83,"1.17 ","0.17 ","0.33 ","FRANA-11381",5,3
"458",2,0.6667,"13.3%","10.00 ","2.00 ","00:28 ","3,649 ","8,033 ","9.00 ","27% ","61% ","4.33 ","12.00 ","9.67 ","3.67 ",1.11,"0.33 ",1.33,"0.67 ","0.00 ","0.33 ","FRANA-11381",1,1
"459",1,0,"0.0%","5.00 ","0.00 ","00:07 ","3,517 ","4,201 ","7.00 ","25% ","59% ","6.00 ","4.00 ","5.00 ","0.00 ",0.71,"0.00 ",2,"0.00 ","1.00 ","1.00 ","Bezpalivo-2209",0,1
"460",1,0,"5.8%","8.00 ","3.00 ","00:19 ","5,808 ","5,646 ","1.00 ","25% ","59% ","5.00 ","8.00 ","6.00 ","1.00 ",8,"0.00 ",1,"0.00 ","0.00 ","1.00 ","Bezpalivo-2209",0,1
"461",1,0,"11.6%","12.00 ","0.00 ","00:36 ","5,680 ","6,574 ","8.00 ","25% ","59% ","9.00 ","7.00 ","8.00 ","2.00 ",1.5,"0.00 ",1,"1.00 ","0.00 ","0.00 ","Bezpalivo-2209",0,1
"462",1,1,"47.0%","15.00 ","9.00 ","00:32 ","5,762 ","5,438 ","2.00 ","25% ","59% ","7.00 ","12.00 ","23.00 ","4.00 ",7.5,"0.00 ",2,"1.00 ","1.00 ","0.00 ","Bezpalivo-2209",1,0
"463",2,0.3333,"5.7%","13.67 ","4.33 ","01:13 ","6,248 ","14,883 ","6.67 ","25% ","59% ","8.00 ","9.33 ","17.33 ","1.33 ",2.05,"0.67 ",1.67,"1.33 ","0.00 ","0.33 ","Bezpalivo-2209",1,1
"464",1,1,"11.2%","27.00 ","7.00 ","00:20 ","6,580 ","16,320 ","9.00 ","25% ","59% ","13.00 ","19.00 ","14.00 ","6.00 ",3,"1.00 ",5,"2.00 ","2.00 ","1.00 ","Bezpalivo-2209",1,0
"465",6,0,"0.0%","3.50 ","1.50 ","00:16 ","3,050 ","11,842 ","7.50 ","31% ","66% ","4.00 ","4.00 ","8.50 ","1.50 ",0.47,"1.00 ",1.5,"1.00 ","0.00 ","0.50 ","FlaD-11322",0,6
"466",2,0.6667,"9.3%","13.00 ","5.67 ","00:06 ","5,998 ","12,298 ","6.00 ","31% ","66% ","4.00 ","9.33 ","15.67 ","1.67 ",2.17,"0.33 ",2,"0.67 ","0.67 ","0.67 ","FlaD-11322",1,1
"467",8,0.5,"26.1%","9.67 ","2.50 ","00:21 ","3,843 ","7,904 ","4.67 ","31% ","66% ","4.17 ","9.83 ","13.17 ","3.17 ",2.07,"0.83 ",1.5,"1.17 ","0.17 ","0.17 ","FlaD-11322",4,4
"468",2,0.6667,"40.0%","10.33 ","7.67 ","00:38 ","4,118 ","8,531 ","4.33 ","31% ","66% ","6.67 ","13.00 ","12.00 ","3.33 ",2.38,"1.00 ",2,"0.67 ","0.67 ","0.67 ","FlaD-11322",1,1
"469",8,0.5,"20.0%","19.33 ","8.83 ","01:11 ","6,815 ","14,164 ","10.17 ","31% ","66% ","10.00 ","19.83 ","23.00 ","8.50 ",1.9,"0.33 ",2,"1.17 ","0.33 ","0.50 ","FlaD-11322",4,4
"470",6,0.5,"19.7%","9.50 ","3.00 ","00:25 ","4,489 ","8,639 ","4.50 ","31% ","66% ","5.50 ","8.00 ","9.00 ","2.50 ",2.11,"0.00 ",2,"1.00 ","1.00 ","0.00 ","FlaD-11322",3,3
"471",1,0,"16.2%","7.00 ","7.00 ","01:00 ","3,323 ","8,480 ","5.00 ","28% ","65% ","6.00 ","9.00 ","7.00 ","4.00 ",1.4,"0.00 ",3,"1.00 ","1.00 ","1.00 ","Zuppeh-2840",0,1
"472",2,0.6667,"19.3%","12.33 ","5.67 ","00:40 ","3,944 ","7,924 ","5.00 ","28% ","65% ","6.33 ","9.00 ","9.33 ","3.67 ",2.47,"0.33 ",2,"1.00 ","0.67 ","0.00 ","Zuppeh-2840",1,1
"473",3,0.75,"12.4%","21.00 ","7.40 ","00:39 ","7,337 ","13,431 ","6.80 ","28% ","65% ","8.80 ","18.60 ","17.80 ","4.60 ",3.09,"0.60 ",2.2,"1.20 ","0.60 ","0.40 ","Zuppeh-2840",2,1
"474",1,1,"18.3%","21.00 ","9.00 ","00:26 ","6,833 ","10,770 ","3.00 ","28% ","64% ","7.00 ","15.00 ","18.00 ","9.00 ",7,"1.00 ",3,"1.00 ","2.00 ","0.00 ","Zuppeh-2840",1,0
"475",6,0.5,"18.5%","16.00 ","4.00 ","01:24 ","4,998 ","12,926 ","8.50 ","27% ","64% ","12.00 ","14.50 ","19.00 ","5.50 ",1.88,"0.00 ",1,"1.00 ","0.00 ","0.50 ","Zuppeh-2840",3,3
"476",1,0,"4.9%","8.00 ","2.00 ","00:16 ","3,499 ","5,980 ","5.00 ","27% ","64% ","2.00 ","11.00 ","6.00 ","6.00 ",1.6,"1.00 ",1,"1.00 ","0.00 ","0.00 ","Zuppeh-2840",0,1
"477",3,0.4,"7.7%","10.20 ","3.80 ","00:39 ","3,438 ","12,233 ","5.40 ","19% ","62% ","5.40 ","10.00 ","14.80 ","3.80 ",1.89,"1.00 ",1.6,"1.20 ","0.20 ","0.40 ","DrouYu-2548",1,2
"478",3,0.8,"16.1%","12.20 ","6.00 ","01:51 ","3,738 ","15,316 ","8.40 ","19% ","62% ","7.20 ","16.80 ","21.20 ","8.20 ",1.45,"0.80 ",1.8,"1.00 ","0.40 ","0.20 ","DrouYu-2548",2,1
"479",1,1,"8.2%","5.00 ","1.00 ","02:12 ","2,703 ","13,245 ","9.00 ","19% ","62% ","8.00 ","6.00 ","17.00 ","4.00 ",0.56,"0.00 ",3,"1.00 ","1.00 ","1.00 ","DrouYu-2548",1,0
"480",6,1,"0.0%","9.50 ","4.00 ","00:23 ","2,812 ","12,170 ","7.00 ","19% ","62% ","7.00 ","11.00 ","15.50 ","5.00 ",1.36,"1.00 ",1,"1.00 ","0.00 ","0.50 ","DrouYu-2548",6,0
"481",7,0.5,"4.3%","6.75 ","2.75 ","00:55 ","2,760 ","9,904 ","7.75 ","19% ","62% ","3.50 ","10.00 ","15.75 ","3.75 ",0.87,"0.75 ",1.75,"0.75 ","0.25 ","0.50 ","DrouYu-2548",4,3
"482",2,0.6667,"31.6%","20.33 ","10.33 ","01:20 ","4,866 ","14,050 ","5.00 ","19% ","62% ","6.33 ","19.00 ","26.00 ","6.33 ",4.07,"0.67 ",2,"1.00 ","0.67 ","0.33 ","DrouYu-2548",1,1
"483",1,0,"0.0%","7.00 ","2.00 ","00:07 ","3,049 ","2,190 ","2.00 ","22% ","59% ","4.00 ","2.00 ","1.00 ","1.00 ",3.5,"0.00 ",1,"0.00 ","1.00 ","0.00 ","Raben-11607",0,1
"484",2,0.6667,"7.6%","17.67 ","7.33 ","00:56 ","4,106 ","9,567 ","4.33 ","22% ","59% ","6.00 ","15.00 ","14.67 ","3.33 ",4.08,"0.67 ",1.67,"1.00 ","0.00 ","0.33 ","Raben-11607",1,1
"485",6,0.5,"9.4%","16.00 ","3.00 ","01:48 ","6,958 ","14,388 ","11.00 ","22% ","59% ","7.00 ","12.00 ","16.00 ","3.00 ",1.45,"0.00 ",2.5,"2.00 ","0.50 ","0.50 ","Raben-11607",3,3
"486",2,0.3333,"9.6%","12.00 ","3.33 ","00:21 ","3,927 ","11,516 ","5.00 ","22% ","59% ","4.67 ","12.67 ","13.33 ","4.33 ",2.4,"0.33 ",1,"0.67 ","0.00 ","0.33 ","Raben-11607",1,1
"487",13,0.5,"17.1%","14.25 ","6.25 ","00:57 ","5,232 ","13,662 ","7.62 ","22% ","59% ","7.00 ","13.62 ","18.25 ","5.62 ",1.87,"0.75 ",1.38,"1.12 ","0.12 ","0.12 ","Raben-11607",6,7
"488",1,1,"2.9%","16.00 ","7.00 ","01:36 ","5,861 ","21,107 ","16.00 ","22% ","59% ","10.00 ","16.00 ","16.00 ","6.00 ",1,"1.00 ",3,"1.00 ","1.00 ","0.00 ","Raben-11607",1,0
"489",8,0.6,"11.1%","16.50 ","5.33 ","00:58 ","5,838 ","14,200 ","7.83 ","26% ","65% ","5.17 ","15.33 ","17.83 ","6.00 ",2.11,"0.67 ",1.5,"1.00 ","0.33 ","0.33 ","Daiya-21239",5,3
"490",8,0.5,"21.6%","13.33 ","5.00 ","00:38 ","4,617 ","10,667 ","5.67 ","26% ","65% ","6.17 ","12.50 ","13.00 ","4.17 ",2.35,"0.33 ",1.5,"0.50 ","0.50 ","0.33 ","Daiya-21239",4,4
"491",6,0.5,"16.0%","14.00 ","7.50 ","01:33 ","6,498 ","16,982 ","9.50 ","26% ","65% ","7.50 ","17.00 ","19.00 ","6.50 ",1.47,"0.50 ",2,"1.50 ","1.00 ","0.00 ","Daiya-21239",3,3
"492",8,0.6667,"17.1%","15.33 ","6.50 ","00:56 ","5,574 ","11,500 ","7.33 ","26% ","65% ","6.33 ","15.00 ","15.17 ","4.50 ",2.09,"0.33 ",0.83,"0.67 ","0.33 ","0.00 ","Daiya-21239",5,3
"493",13,0.625,"17.7%","20.12 ","8.50 ","00:39 ","6,383 ","12,041 ","6.12 ","27% ","65% ","6.38 ","15.12 ","20.88 ","3.75 ",3.29,"0.50 ",1.62,"0.88 ","0.25 ","0.38 ","Daiya-21239",8,5
"494",12,0.6,"17.3%","15.60 ","6.10 ","01:14 ","5,497 ","11,785 ","7.10 ","27% ","65% ","6.60 ","14.50 ","16.30 ","5.30 ",2.2,"0.40 ",1.7,"0.80 ","0.30 ","0.60 ","Daiya-21239",7,5
"495",6,0.5,"26.0%","12.50 ","3.50 ","00:07 ","5,360 ","9,280 ","5.00 ","28% ","65% ","6.50 ","12.50 ","10.00 ","5.50 ",2.5,"0.00 ",2,"1.00 ","0.50 ","0.50 ","Daiya-21239",3,3
"496",1,0,"15.8%","15.00 ","5.00 ","00:28 ","5,064 ","10,884 ","8.00 ","27% ","65% ","9.00 ","13.00 ","14.00 ","3.00 ",1.88,"1.00 ",2,"0.00 ","1.00 ","1.00 ","Crimzo-11621",0,1
"497",1,1,"24.8%","20.00 ","9.00 ","02:51 ","5,476 ","9,566 ","2.00 ","27% ","65% ","6.00 ","19.00 ","24.00 ","4.00 ",10,"1.00 ",2,"0.00 ","1.00 ","1.00 ","Crimzo-11621",1,0
"498",5,0.7778,"16.1%","17.33 ","7.67 ","00:57 ","5,785 ","15,613 ","7.44 ","26% ","65% ","10.11 ","18.22 ","23.78 ","7.00 ",2.33,"0.78 ",1.44,"0.89 ","0.11 ","0.33 ","Crimzo-11621",4,1
"499",7,0.25,"15.0%","11.50 ","5.25 ","00:31 ","4,989 ","8,713 ","5.75 ","27% ","65% ","7.00 ","10.00 ","12.75 ","3.50 ",2,"0.50 ",1.5,"1.25 ","0.25 ","0.00 ","Crimzo-11621",2,5
"500",3,0.8,"20.5%","16.20 ","5.80 ","01:08 ","5,790 ","13,944 ","5.00 ","27% ","65% ","8.20 ","15.40 ","23.00 ","5.40 ",3.24,"0.80 ",1.6,"1.00 ","0.00 ","0.60 ","Crimzo-11621",2,1
"501",2,0.3333,"22.9%","12.00 ","3.33 ","00:42 ","7,160 ","11,061 ","7.33 ","25% ","63% ","10.67 ","14.33 ","15.67 ","5.00 ",1.64,"0.33 ",1.67,"1.33 ","0.33 ","0.00 ","awkward-21104",1,1
"502",3,0.6,"22.1%","17.60 ","6.00 ","00:37 ","7,251 ","12,683 ","7.20 ","25% ","63% ","10.80 ","16.80 ","17.80 ","3.80 ",2.44,"0.20 ",2,"0.60 ","0.60 ","0.60 ","awkward-21104",2,1
"503",2,0.6667,"12.6%","21.00 ","7.33 ","01:35 ","9,519 ","17,142 ","8.33 ","25% ","63% ","14.00 ","17.67 ","21.67 ","7.33 ",2.52,"0.33 ",1.67,"1.00 ","0.67 ","0.33 ","awkward-21104",1,1
"504",3,0.8,"30.0%","15.20 ","6.40 ","01:15 ","6,647 ","14,289 ","5.20 ","25% ","63% ","9.40 ","15.20 ","15.60 ","6.00 ",2.92,"0.80 ",1,"0.80 ","0.00 ","0.20 ","awkward-21104",2,1
"505",6,0.5,"6.3%","14.00 ","6.00 ","01:03 ","7,405 ","10,890 ","9.00 ","25% ","63% ","9.00 ","12.50 ","10.50 ","4.00 ",1.56,"0.50 ",2.5,"0.50 ","2.00 ","0.50 ","awkward-21104",3,3
"506",2,0.3333,"3.9%","17.67 ","6.00 ","01:02 ","7,931 ","17,375 ","8.33 ","25% ","63% ","8.67 ","13.33 ","20.67 ","6.00 ",2.12,"0.67 ",1.67,"1.33 ","0.00 ","0.33 ","awkward-21104",1,1
"507",7,1,"23.2%","9.25 ","3.75 ","00:51 ","3,354 ","6,844 ","3.00 ","16% ","62% ","4.50 ","10.50 ","12.00 ","4.25 ",3.08,"0.50 ",2,"1.00 ","0.50 ","0.25 ","Masaa-1182",7,0
"508",2,0.3333,"9.1%","7.67 ","4.00 ","00:31 ","2,842 ","8,393 ","5.00 ","16% ","62% ","4.33 ","9.67 ","10.00 ","3.67 ",1.53,"0.33 ",1,"0.67 ","0.33 ","0.00 ","Masaa-1182",1,1
"509",1,1,"3.5%","13.00 ","5.00 ","00:38 ","2,441 ","6,746 ","1.00 ","16% ","62% ","6.00 ","7.00 ","17.00 ","0.00 ",13,"0.00 ",1,"1.00 ","0.00 ","0.00 ","Masaa-1182",1,0
"510",1,1,"46.0%","25.00 ","8.00 ","00:30 ","9,048 ","11,846 ","2.00 ","16% ","62% ","8.00 ","17.00 ","22.00 ","4.00 ",12.5,"1.00 ",1,"1.00 ","0.00 ","0.00 ","Masaa-1182",1,0
"511",8,0.6667,"24.6%","15.33 ","6.67 ","01:16 ","4,520 ","10,534 ","4.50 ","16% ","62% ","8.33 ","16.67 ","18.00 ","6.17 ",3.41,"0.33 ",1.5,"1.00 ","0.17 ","0.33 ","Masaa-1182",5,3
"512",18,0.6667,"15.1%","15.00 ","6.17 ","00:55 ","4,646 ","16,619 ","7.83 ","16% ","62% ","8.25 ","16.92 ","22.50 ","7.17 ",1.91,"0.83 ",1.5,"1.00 ","0.08 ","0.42 ","Masaa-1182",12,6
"513",3,0.6,"25.2%","14.00 ","6.40 ","01:17 ","3,943 ","11,580 ","7.60 ","19% ","66% ","8.00 ","13.00 ","17.40 ","5.00 ",1.84,"0.60 ",1.8,"1.40 ","0.20 ","0.20 ","Haruhi-11660",2,1
"514",2,0.6667,"23.6%","12.00 ","4.33 ","01:21 ","3,458 ","10,183 ","3.67 ","19% ","66% ","3.00 ","12.33 ","15.67 ","4.33 ",3.27,"0.67 ",1.33,"0.67 ","0.33 ","0.33 ","Haruhi-11660",1,1
"515",4,0.4286,"12.1%","13.86 ","6.00 ","01:01 ","5,204 ","15,150 ","8.71 ","19% ","66% ","7.71 ","13.29 ","18.43 ","4.43 ",1.59,"0.71 ",1.57,"0.86 ","0.29 ","0.43 ","Haruhi-11660",2,2
"516",3,0.6,"29.3%","12.40 ","5.40 ","01:31 ","5,249 ","10,663 ","5.80 ","19% ","66% ","6.20 ","14.60 ","16.80 ","6.60 ",2.14,"0.20 ",2,"1.20 ","0.40 ","0.40 ","Haruhi-11660",2,1
"517",7,0.5,"17.4%","17.50 ","8.25 ","01:45 ","6,378 ","15,136 ","7.75 ","19% ","66% ","8.00 ","17.50 ","19.50 ","6.25 ",2.26,"1.00 ",2.5,"1.50 ","0.25 ","0.50 ","Haruhi-11660",4,3
"518",4,0.5714,"9.8%","14.71 ","6.86 ","01:35 ","4,760 ","13,526 ","9.43 ","19% ","66% ","8.00 ","15.00 ","20.71 ","5.71 ",1.56,"0.57 ",1.43,"1.14 ","0.14 ","0.29 ","Haruhi-11660",2,2
"519",2,0.3333,"17.1%","22.67 ","6.67 ","01:03 ","6,769 ","12,961 ","12.00 ","31% ","63% ","9.67 ","13.67 ","17.33 ","2.00 ",1.89,"0.00 ",0.67,"1.00 ","0.00 ","0.00 ","bock1-2590",1,1
"520",2,0.3333,"4.0%","9.33 ","2.67 ","00:10 ","4,016 ","8,338 ","6.33 ","31% ","63% ","4.33 ","8.33 ","11.67 ","3.00 ",1.47,"0.33 ",0.67,"0.67 ","0.00 ","0.33 ","bock1-2590",1,1
"521",6,0.5,"23.5%","16.50 ","3.50 ","00:35 ","5,000 ","7,866 ","6.50 ","31% ","63% ","10.00 ","16.50 ","18.00 ","5.50 ",2.54,"1.00 ",1.5,"0.50 ","0.50 ","0.00 ","bock1-2590",3,3
"522",1,0,"27.6%","51.00 ","20.00 ","02:58 ","13,844 ","22,821 ","24.00 ","31% ","63% ","23.00 ","47.00 ","46.00 ","18.00 ",2.12,"1.00 ",2,"1.00 ","1.00 ","0.00 ","bock1-2590",0,1
"523",3,0.5,"16.4%","12.80 ","6.00 ","01:05 ","4,867 ","11,607 ","9.60 ","31% ","63% ","7.00 ","14.40 ","16.60 ","6.40 ",1.33,"0.80 ",2,"0.80 ","0.60 ","0.60 ","bock1-2590",2,1
"524",7,0.75,"12.8%","12.50 ","3.75 ","00:26 ","3,882 ","8,489 ","7.50 ","31% ","63% ","6.50 ","10.50 ","9.25 ","1.75 ",1.67,"0.25 ",1.5,"0.75 ","0.50 ","0.25 ","bock1-2590",5,2
"525",1,1,"33.5%","17.00 ","5.00 ","00:12 ","4,850 ","9,903 ","8.00 ","32% ","64% ","3.00 ","11.00 ","18.00 ","6.00 ",2.12,"1.00 ",2,"1.00 ","0.00 ","0.00 ","GaleAdelade-1452",1,0
"526",18,0.5833,"19.6%","18.00 ","7.83 ","01:52 ","7,115 ","12,543 ","7.08 ","32% ","64% ","7.17 ","17.83 ","17.33 ","6.58 ",2.54,"0.42 ",2.33,"1.00 ","0.67 ","0.67 ","GaleAdelade-1452",10,8
"527",6,0.5,"13.1%","11.50 ","6.00 ","01:12 ","3,846 ","11,346 ","7.50 ","32% ","64% ","5.50 ","8.00 ","16.00 ","4.00 ",1.53,"0.00 ",2.5,"1.00 ","0.50 ","1.00 ","GaleAdelade-1452",3,3
"528",7,0.75,"20.1%","20.00 ","9.50 ","02:26 ","7,130 ","15,614 ","9.75 ","32% ","64% ","6.75 ","17.75 ","19.00 ","7.50 ",2.05,"0.50 ",2.5,"1.25 ","0.25 ","1.00 ","GaleAdelade-1452",5,2
"529",7,0.5,"17.2%","18.75 ","5.50 ","01:13 ","7,683 ","10,888 ","6.75 ","32% ","64% ","9.00 ","15.25 ","18.50 ","5.50 ",2.78,"0.00 ",1.75,"0.25 ","0.75 ","0.75 ","GaleAdelade-1452",4,3
"530",18,0.7273,"18.2%","18.08 ","8.08 ","01:33 ","7,781 ","11,640 ","6.25 ","32% ","64% ","7.92 ","15.92 ","16.17 ","6.42 ",2.89,"0.50 ",1.67,"1.00 ","0.42 ","0.25 ","GaleAdelade-1452",13,5
